{"productno": 100,"productName": "Vauxhall","Description": "four","isActive": 2,"createdDate": "2016-11-21","UpdatedDate": "2017-11-09"}
{"productno": 101,"productName": "Toyota","Description": "six","isActive": 2,"createdDate": "2017-10-03","UpdatedDate": "2017-11-13"}
{"productno": 102,"productName": "General Motors","Description": "two","isActive": 1,"createdDate": "2017-09-18","UpdatedDate": "2017-11-03"}
{"productno": 103,"productName": "Renault","Description": "eight","isActive": 2,"createdDate": "2017-10-05","UpdatedDate": "2017-11-13"}
{"productno": 104,"productName": "Kenworth","Description": "three","isActive": 1,"createdDate": "2017-05-03","UpdatedDate": "2017-11-04"}
{"productno": 105,"productName": "Nissan","Description": "one","isActive": 1,"createdDate": "2016-11-29","UpdatedDate": "2017-11-09"}
{"productno": 106,"productName": "Tata Motors","Description": "ten","isActive": 2,"createdDate": "2017-08-08","UpdatedDate": "2017-11-17"}
{"productno": 107,"productName": "Dongfeng Motor","Description": "eight","isActive": 2,"createdDate": "2016-12-11","UpdatedDate": "2017-11-17"}
{"productno": 108,"productName": "Fiat","Description": "eight","isActive": 2,"createdDate": "2017-08-30","UpdatedDate": "2017-11-10"}
{"productno": 109,"productName": "Audi","Description": "ten","isActive": 1,"createdDate": "2017-02-27","UpdatedDate": "2017-11-06"}
{"productno": 110,"productName": "Volkswagen","Description": "one","isActive": 1,"createdDate": "2016-12-17","UpdatedDate": "2017-11-07"}
{"productno": 111,"productName": "Nissan","Description": "two","isActive": 1,"createdDate": "2016-12-28","UpdatedDate": "2017-11-13"}
{"productno": 112,"productName": "Mercedes-Benz","Description": "two","isActive": 2,"createdDate": "2017-09-06","UpdatedDate": "2017-11-10"}
{"productno": 113,"productName": "Daimler","Description": "one","isActive": 2,"createdDate": "2017-01-01","UpdatedDate": "2017-11-11"}
{"productno": 114,"productName": "Jeep","Description": "eight","isActive": 1,"createdDate": "2017-01-01","UpdatedDate": "2017-11-19"}
{"productno": 115,"productName": "Volvo","Description": "two","isActive": 2,"createdDate": "2017-05-05","UpdatedDate": "2017-11-02"}
{"productno": 116,"productName": "JLR","Description": "five","isActive": 1,"createdDate": "2017-02-15","UpdatedDate": "2017-11-11"}
{"productno": 117,"productName": "Acura","Description": "one","isActive": 1,"createdDate": "2017-09-25","UpdatedDate": "2017-11-08"}
{"productno": 118,"productName": "Citroën","Description": "two","isActive": 1,"createdDate": "2017-02-22","UpdatedDate": "2017-11-04"}
{"productno": 119,"productName": "Subaru","Description": "five","isActive": 1,"createdDate": "2017-02-18","UpdatedDate": "2017-11-14"}
{"productno": 120,"productName": "Mitsubishi Motors","Description": "six","isActive": 1,"createdDate": "2017-06-06","UpdatedDate": "2017-11-10"}
{"productno": 121,"productName": "Peugeot","Description": "one","isActive": 1,"createdDate": "2017-05-15","UpdatedDate": "2017-11-20"}
{"productno": 122,"productName": "Mercedes-Benz","Description": "three","isActive": 2,"createdDate": "2017-01-22","UpdatedDate": "2017-11-12"}
{"productno": 123,"productName": "Mahindra and Mahindra","Description": "seven","isActive": 1,"createdDate": "2017-08-14","UpdatedDate": "2017-11-11"}
{"productno": 124,"productName": "Dodge","Description": "ten","isActive": 1,"createdDate": "2017-04-17","UpdatedDate": "2017-11-01"}
{"productno": 125,"productName": "Porsche","Description": "one","isActive": 1,"createdDate": "2017-01-23","UpdatedDate": "2017-11-04"}
{"productno": 126,"productName": "Mazda","Description": "eight","isActive": 1,"createdDate": "2016-12-09","UpdatedDate": "2017-11-15"}
{"productno": 127,"productName": "Isuzu","Description": "nine","isActive": 1,"createdDate": "2016-11-26","UpdatedDate": "2017-11-14"}
{"productno": 128,"productName": "Mazda","Description": "two","isActive": 2,"createdDate": "2017-10-16","UpdatedDate": "2017-11-09"}
{"productno": 129,"productName": "Renault","Description": "one","isActive": 2,"createdDate": "2017-07-05","UpdatedDate": "2017-11-17"}
{"productno": 130,"productName": "Seat","Description": "five","isActive": 2,"createdDate": "2016-12-14","UpdatedDate": "2017-11-14"}
{"productno": 131,"productName": "Kia Motors","Description": "two","isActive": 2,"createdDate": "2017-04-15","UpdatedDate": "2017-11-18"}
{"productno": 132,"productName": "MINI","Description": "seven","isActive": 1,"createdDate": "2017-04-22","UpdatedDate": "2017-11-12"}
{"productno": 133,"productName": "Dongfeng Motor","Description": "three","isActive": 1,"createdDate": "2017-01-04","UpdatedDate": "2017-11-02"}
{"productno": 134,"productName": "Vauxhall","Description": "two","isActive": 2,"createdDate": "2017-06-23","UpdatedDate": "2017-11-14"}
{"productno": 135,"productName": "Daimler","Description": "one","isActive": 1,"createdDate": "2017-09-13","UpdatedDate": "2017-11-14"}
{"productno": 136,"productName": "Daihatsu","Description": "three","isActive": 2,"createdDate": "2017-09-17","UpdatedDate": "2017-11-16"}
{"productno": 137,"productName": "Isuzu","Description": "two","isActive": 2,"createdDate": "2017-06-25","UpdatedDate": "2017-11-18"}
{"productno": 138,"productName": "Buick","Description": "six","isActive": 2,"createdDate": "2017-10-06","UpdatedDate": "2017-11-19"}
{"productno": 139,"productName": "FAW","Description": "four","isActive": 2,"createdDate": "2017-03-26","UpdatedDate": "2017-11-20"}
{"productno": 140,"productName": "Kia Motors","Description": "seven","isActive": 1,"createdDate": "2017-09-16","UpdatedDate": "2017-11-11"}
{"productno": 141,"productName": "JLR","Description": "six","isActive": 1,"createdDate": "2017-03-31","UpdatedDate": "2017-11-20"}
{"productno": 142,"productName": "Toyota","Description": "eight","isActive": 1,"createdDate": "2017-05-21","UpdatedDate": "2017-11-08"}
{"productno": 143,"productName": "FAW","Description": "six","isActive": 1,"createdDate": "2017-05-19","UpdatedDate": "2017-11-02"}
{"productno": 144,"productName": "Skoda","Description": "one","isActive": 2,"createdDate": "2017-06-05","UpdatedDate": "2017-11-10"}
{"productno": 145,"productName": "Citroën","Description": "five","isActive": 2,"createdDate": "2017-03-24","UpdatedDate": "2017-11-03"}
{"productno": 146,"productName": "Acura","Description": "nine","isActive": 2,"createdDate": "2017-01-12","UpdatedDate": "2017-11-12"}
{"productno": 147,"productName": "Volkswagen","Description": "eight","isActive": 2,"createdDate": "2017-04-15","UpdatedDate": "2017-11-15"}
{"productno": 148,"productName": "Kenworth","Description": "six","isActive": 2,"createdDate": "2017-02-18","UpdatedDate": "2017-11-15"}
{"productno": 149,"productName": "Infiniti","Description": "seven","isActive": 1,"createdDate": "2016-12-20","UpdatedDate": "2017-11-11"}
{"productno": 150,"productName": "General Motors","Description": "ten","isActive": 1,"createdDate": "2016-11-10","UpdatedDate": "2017-11-06"}
{"productno": 151,"productName": "Dongfeng Motor","Description": "two","isActive": 1,"createdDate": "2017-01-26","UpdatedDate": "2017-11-14"}
{"productno": 152,"productName": "Nissan","Description": "six","isActive": 2,"createdDate": "2017-06-11","UpdatedDate": "2017-11-10"}
{"productno": 153,"productName": "Citroën","Description": "three","isActive": 1,"createdDate": "2016-11-15","UpdatedDate": "2017-11-03"}
{"productno": 154,"productName": "Peugeot","Description": "three","isActive": 2,"createdDate": "2017-01-15","UpdatedDate": "2017-11-19"}
{"productno": 155,"productName": "Toyota","Description": "three","isActive": 1,"createdDate": "2017-07-10","UpdatedDate": "2017-11-15"}
{"productno": 156,"productName": "Ford","Description": "ten","isActive": 2,"createdDate": "2017-07-08","UpdatedDate": "2017-11-08"}
{"productno": 157,"productName": "Ferrari","Description": "two","isActive": 1,"createdDate": "2017-08-21","UpdatedDate": "2017-11-07"}
{"productno": 158,"productName": "Hyundai Motors","Description": "ten","isActive": 2,"createdDate": "2016-12-31","UpdatedDate": "2017-11-05"}
{"productno": 159,"productName": "Mazda","Description": "nine","isActive": 2,"createdDate": "2016-12-29","UpdatedDate": "2017-11-09"}
{"productno": 160,"productName": "General Motors","Description": "three","isActive": 2,"createdDate": "2017-09-19","UpdatedDate": "2017-11-02"}
{"productno": 161,"productName": "Chevrolet","Description": "ten","isActive": 2,"createdDate": "2016-12-21","UpdatedDate": "2017-11-15"}
{"productno": 162,"productName": "Buick","Description": "six","isActive": 2,"createdDate": "2017-01-05","UpdatedDate": "2017-11-07"}
{"productno": 163,"productName": "Subaru","Description": "seven","isActive": 1,"createdDate": "2017-08-26","UpdatedDate": "2017-11-20"}
{"productno": 164,"productName": "Chevrolet","Description": "three","isActive": 2,"createdDate": "2017-06-13","UpdatedDate": "2017-11-16"}
{"productno": 165,"productName": "Infiniti","Description": "ten","isActive": 2,"createdDate": "2017-09-21","UpdatedDate": "2017-11-02"}
{"productno": 166,"productName": "Mazda","Description": "nine","isActive": 1,"createdDate": "2017-10-10","UpdatedDate": "2017-11-03"}
{"productno": 167,"productName": "Mitsubishi Motors","Description": "five","isActive": 2,"createdDate": "2017-09-25","UpdatedDate": "2017-11-20"}
{"productno": 168,"productName": "Dacia","Description": "nine","isActive": 2,"createdDate": "2017-04-24","UpdatedDate": "2017-11-19"}
{"productno": 169,"productName": "Dongfeng Motor","Description": "ten","isActive": 1,"createdDate": "2017-10-04","UpdatedDate": "2017-11-04"}
{"productno": 170,"productName": "Peugeot","Description": "three","isActive": 1,"createdDate": "2017-08-16","UpdatedDate": "2017-11-17"}
{"productno": 171,"productName": "Seat","Description": "eight","isActive": 1,"createdDate": "2017-08-16","UpdatedDate": "2017-11-16"}
{"productno": 172,"productName": "Suzuki","Description": "one","isActive": 2,"createdDate": "2017-08-11","UpdatedDate": "2017-11-13"}
{"productno": 173,"productName": "Maruti Suzuki","Description": "two","isActive": 2,"createdDate": "2016-12-31","UpdatedDate": "2017-11-18"}
{"productno": 174,"productName": "Seat","Description": "four","isActive": 2,"createdDate": "2017-06-02","UpdatedDate": "2017-11-04"}
{"productno": 175,"productName": "JLR","Description": "one","isActive": 2,"createdDate": "2017-05-07","UpdatedDate": "2017-11-01"}
{"productno": 176,"productName": "GMC","Description": "six","isActive": 2,"createdDate": "2016-12-28","UpdatedDate": "2017-11-19"}
{"productno": 177,"productName": "Nissan","Description": "four","isActive": 2,"createdDate": "2017-02-15","UpdatedDate": "2017-11-07"}
{"productno": 178,"productName": "Mahindra and Mahindra","Description": "seven","isActive": 2,"createdDate": "2017-09-24","UpdatedDate": "2017-11-15"}
{"productno": 179,"productName": "FAW","Description": "nine","isActive": 1,"createdDate": "2017-07-17","UpdatedDate": "2017-11-05"}
{"productno": 180,"productName": "Audi","Description": "seven","isActive": 2,"createdDate": "2017-05-26","UpdatedDate": "2017-11-09"}
{"productno": 181,"productName": "Infiniti","Description": "nine","isActive": 2,"createdDate": "2016-11-18","UpdatedDate": "2017-11-04"}
{"productno": 182,"productName": "Citroën","Description": "five","isActive": 1,"createdDate": "2017-03-13","UpdatedDate": "2017-11-08"}
{"productno": 183,"productName": "Mahindra and Mahindra","Description": "nine","isActive": 1,"createdDate": "2017-08-20","UpdatedDate": "2017-11-10"}
{"productno": 184,"productName": "Suzuki","Description": "nine","isActive": 2,"createdDate": "2017-07-11","UpdatedDate": "2017-11-08"}
{"productno": 185,"productName": "RAM Trucks","Description": "nine","isActive": 2,"createdDate": "2017-04-30","UpdatedDate": "2017-11-08"}
{"productno": 186,"productName": "RAM Trucks","Description": "ten","isActive": 2,"createdDate": "2017-06-21","UpdatedDate": "2017-11-10"}
{"productno": 187,"productName": "Toyota","Description": "eight","isActive": 2,"createdDate": "2017-03-11","UpdatedDate": "2017-11-06"}
{"productno": 188,"productName": "General Motors","Description": "nine","isActive": 1,"createdDate": "2017-01-04","UpdatedDate": "2017-11-05"}
{"productno": 189,"productName": "Dongfeng Motor","Description": "one","isActive": 1,"createdDate": "2017-08-03","UpdatedDate": "2017-11-13"}
{"productno": 190,"productName": "Dongfeng Motor","Description": "six","isActive": 2,"createdDate": "2017-02-12","UpdatedDate": "2017-11-02"}
{"productno": 191,"productName": "Peugeot","Description": "five","isActive": 1,"createdDate": "2017-03-16","UpdatedDate": "2017-11-11"}
{"productno": 192,"productName": "BMW","Description": "five","isActive": 1,"createdDate": "2017-01-29","UpdatedDate": "2017-11-06"}
{"productno": 193,"productName": "Skoda","Description": "one","isActive": 2,"createdDate": "2017-09-08","UpdatedDate": "2017-11-03"}
{"productno": 194,"productName": "Tata Motors","Description": "four","isActive": 2,"createdDate": "2017-05-27","UpdatedDate": "2017-11-16"}
{"productno": 195,"productName": "BMW","Description": "nine","isActive": 2,"createdDate": "2017-05-06","UpdatedDate": "2017-11-18"}
{"productno": 196,"productName": "Fiat","Description": "seven","isActive": 2,"createdDate": "2016-11-13","UpdatedDate": "2017-11-17"}
{"productno": 197,"productName": "Renault","Description": "five","isActive": 1,"createdDate": "2017-09-23","UpdatedDate": "2017-11-16"}
{"productno": 198,"productName": "Kia Motors","Description": "seven","isActive": 2,"createdDate": "2017-05-27","UpdatedDate": "2017-11-02"}
{"productno": 199,"productName": "RAM Trucks","Description": "eight","isActive": 2,"createdDate": "2017-04-05","UpdatedDate": "2017-11-20"}