<customers>
<customer>
<custno>1</custno>
<firstname>Teegan</firstname>
<lastname>Hubbard</lastname>
<gender>2</gender>
<age>33</age>
<profession>Human Resources</profession>
<contactNo>1681121691699</contactNo>
<emailId>nibh.Quisque@placerat.com</emailId>
<city>Galashiels</city>
<state>Selkirkshire</state>
<isActive>1</isActive>
<createdDate>2016-12-07</createdDate>
<UpdatedDate>2018-09-05</UpdatedDate>
</customer>
<customer>
<custno>2</custno>
<firstname>Deacon</firstname>
<lastname>Briggs</lastname>
<gender>2</gender>
<age>54</age>
<profession>Customer Relations</profession>
<contactNo>1631082682999</contactNo>
<emailId>facilisis.eget@Nullaeu.com</emailId>
<city>Lens-Saint-Remy</city>
<state>LU</state>
<isActive>1</isActive>
<createdDate>2017-04-26</createdDate>
<UpdatedDate>2018-06-04</UpdatedDate>
</customer>
<customer>
<custno>3</custno>
<firstname>Mallory</firstname>
<lastname>Shelton</lastname>
<gender>1</gender>
<age>57</age>
<profession>Customer Relations</profession>
<contactNo>1627011572699</contactNo>
<emailId>Curabitur.ut@Nullatempor.edu</emailId>
<city>North Shore</city>
<state>NI</state>
<isActive>1</isActive>
<createdDate>2017-01-02</createdDate>
<UpdatedDate>2018-08-01</UpdatedDate>
</customer>
<customer>
<custno>4</custno>
<firstname>Quinn</firstname>
<lastname>Clements</lastname>
<gender>2</gender>
<age>43</age>
<profession>Media Relations</profession>
<contactNo>1618122268999</contactNo>
<emailId>metus.Vivamus.euismod@urna.edu</emailId>
<city>Heredia</city>
<state>H</state>
<isActive>1</isActive>
<createdDate>2017-02-11</createdDate>
<UpdatedDate>2018-07-18</UpdatedDate>
</customer>
<customer>
<custno>5</custno>
<firstname>Arthur</firstname>
<lastname>Hurst</lastname>
<gender>2</gender>
<age>41</age>
<profession>Tech Support</profession>
<contactNo>1681021022799</contactNo>
<emailId>in@commodoipsum.org</emailId>
<city>San Diego</city>
<state>Cartago</state>
<isActive>2</isActive>
<createdDate>2017-03-30</createdDate>
<UpdatedDate>2018-05-19</UpdatedDate>
</customer>
<customer>
<custno>6</custno>
<firstname>Quail</firstname>
<lastname>Fletcher</lastname>
<gender>1</gender>
<age>28</age>
<profession>Advertising</profession>
<contactNo>1685011394199</contactNo>
<emailId>Fusce.aliquet.magna@tempus.ca</emailId>
<city>Berlin</city>
<state>BE</state>
<isActive>1</isActive>
<createdDate>2017-03-05</createdDate>
<UpdatedDate>2018-09-21</UpdatedDate>
</customer>
<customer>
<custno>7</custno>
<firstname>Deirdre</firstname>
<lastname>Valenzuela</lastname>
<gender>1</gender>
<age>49</age>
<profession>Asset Management</profession>
<contactNo>1693120596699</contactNo>
<emailId>laoreet@interdumlibero.net</emailId>
<city>Zamość</city>
<state>Lubelskie</state>
<isActive>1</isActive>
<createdDate>2017-03-02</createdDate>
<UpdatedDate>2018-01-26</UpdatedDate>
</customer>
<customer>
<custno>8</custno>
<firstname>Hilda</firstname>
<lastname>Combs</lastname>
<gender>1</gender>
<age>45</age>
<profession>Legal Department</profession>
<contactNo>1659062066399</contactNo>
<emailId>montes.nascetur.ridiculus@actellus.ca</emailId>
<city>Deventer</city>
<state>Overijssel</state>
<isActive>2</isActive>
<createdDate>2017-01-19</createdDate>
<UpdatedDate>2017-10-02</UpdatedDate>
</customer>
<customer>
<custno>9</custno>
<firstname>Rigel</firstname>
<lastname>Hudson</lastname>
<gender>1</gender>
<age>27</age>
<profession>Asset Management</profession>
<contactNo>1621070102399</contactNo>
<emailId>ut.ipsum.ac@erosnec.co.uk</emailId>
<city>Río Hurtado</city>
<state>Coquimbo</state>
<isActive>2</isActive>
<createdDate>2016-12-10</createdDate>
<UpdatedDate>2017-08-09</UpdatedDate>
</customer>
<customer>
<custno>10</custno>
<firstname>Donovan</firstname>
<lastname>Snow</lastname>
<gender>2</gender>
<age>26</age>
<profession>Accounting</profession>
<contactNo>1675050615299</contactNo>
<emailId>consequat.purus@risusaultricies.edu</emailId>
<city>Berlin</city>
<state>BE</state>
<isActive>2</isActive>
<createdDate>2016-12-15</createdDate>
<UpdatedDate>2018-01-28</UpdatedDate>
</customer>
<customer>
<custno>11</custno>
<firstname>Joel</firstname>
<lastname>Cantu</lastname>
<gender>2</gender>
<age>59</age>
<profession>Tech Support</profession>
<contactNo>1621120464899</contactNo>
<emailId>sem.molestie.sodales@adipiscing.ca</emailId>
<city>Stamford</city>
<state>Connecticut</state>
<isActive>1</isActive>
<createdDate>2016-11-29</createdDate>
<UpdatedDate>2017-12-22</UpdatedDate>
</customer>
<customer>
<custno>12</custno>
<firstname>Heidi</firstname>
<lastname>Hendricks</lastname>
<gender>2</gender>
<age>33</age>
<profession>Finances</profession>
<contactNo>1643071742399</contactNo>
<emailId>arcu.Sed@justonecante.edu</emailId>
<city>Bama</city>
<state>Borno</state>
<isActive>2</isActive>
<createdDate>2017-02-20</createdDate>
<UpdatedDate>2018-07-09</UpdatedDate>
</customer>
<customer>
<custno>13</custno>
<firstname>Sage</firstname>
<lastname>Curry</lastname>
<gender>1</gender>
<age>49</age>
<profession>Media Relations</profession>
<contactNo>1655032850399</contactNo>
<emailId>egestas.urna.justo@nostraperinceptos.com</emailId>
<city>San Pedro</city>
<state>San José</state>
<isActive>2</isActive>
<createdDate>2016-12-14</createdDate>
<UpdatedDate>2018-07-31</UpdatedDate>
</customer>
<customer>
<custno>14</custno>
<firstname>Brynn</firstname>
<lastname>Odonnell</lastname>
<gender>2</gender>
<age>23</age>
<profession>Customer Relations</profession>
<contactNo>1644080470299</contactNo>
<emailId>ligula@eratinconsectetuer.com</emailId>
<city>Shimla</city>
<state>Himachal Pradesh</state>
<isActive>2</isActive>
<createdDate>2017-03-19</createdDate>
<UpdatedDate>2018-02-02</UpdatedDate>
</customer>
<customer>
<custno>15</custno>
<firstname>Dustin</firstname>
<lastname>Walls</lastname>
<gender>1</gender>
<age>60</age>
<profession>Accounting</profession>
<contactNo>1658072375699</contactNo>
<emailId>Aliquam.auctor@anteVivamusnon.co.uk</emailId>
<city>Borlänge</city>
<state>Dalarnas län</state>
<isActive>1</isActive>
<createdDate>2017-01-17</createdDate>
<UpdatedDate>2017-09-18</UpdatedDate>
</customer>
<customer>
<custno>16</custno>
<firstname>Bethany</firstname>
<lastname>Sharpe</lastname>
<gender>2</gender>
<age>60</age>
<profession>Human Resources</profession>
<contactNo>1695032531899</contactNo>
<emailId>mollis.nec.cursus@eu.com</emailId>
<city>Juiz de Fora</city>
<state>MG</state>
<isActive>1</isActive>
<createdDate>2017-01-22</createdDate>
<UpdatedDate>2018-05-05</UpdatedDate>
</customer>
<customer>
<custno>17</custno>
<firstname>Alexandra</firstname>
<lastname>Walls</lastname>
<gender>2</gender>
<age>40</age>
<profession>Research and Development</profession>
<contactNo>1675121628999</contactNo>
<emailId>id.ante.Nunc@loremvehiculaet.ca</emailId>
<city>Saint-Nazaire</city>
<state>Pays de la Loire</state>
<isActive>2</isActive>
<createdDate>2017-04-10</createdDate>
<UpdatedDate>2018-07-12</UpdatedDate>
</customer>
<customer>
<custno>18</custno>
<firstname>Jena</firstname>
<lastname>Madden</lastname>
<gender>1</gender>
<age>35</age>
<profession>Advertising</profession>
<contactNo>1612031076499</contactNo>
<emailId>Etiam@Nullamvelitdui.com</emailId>
<city>Vienna</city>
<state>Vienna</state>
<isActive>1</isActive>
<createdDate>2017-03-06</createdDate>
<UpdatedDate>2018-07-09</UpdatedDate>
</customer>
<customer>
<custno>19</custno>
<firstname>Wesley</firstname>
<lastname>Fuller</lastname>
<gender>2</gender>
<age>23</age>
<profession>Accounting</profession>
<contactNo>1606061006099</contactNo>
<emailId>aliquet.sem@ornaresagittis.co.uk</emailId>
<city>Nässjö</city>
<state>Jönköpings län</state>
<isActive>2</isActive>
<createdDate>2017-05-30</createdDate>
<UpdatedDate>2017-09-27</UpdatedDate>
</customer>
<customer>
<custno>20</custno>
<firstname>Holly</firstname>
<lastname>Torres</lastname>
<gender>2</gender>
<age>50</age>
<profession>Sales and Marketing</profession>
<contactNo>1601070768799</contactNo>
<emailId>fermentum.arcu.Vestibulum@et.co.uk</emailId>
<city>Hassan</city>
<state>KA</state>
<isActive>2</isActive>
<createdDate>2017-02-06</createdDate>
<UpdatedDate>2017-12-07</UpdatedDate>
</customer>
<customer>
<custno>21</custno>
<firstname>Alan</firstname>
<lastname>Camacho</lastname>
<gender>1</gender>
<age>44</age>
<profession>Sales and Marketing</profession>
<contactNo>1676071417299</contactNo>
<emailId>Nunc.mauris@Duiselementumdui.ca</emailId>
<city>Merrickville-Wolford</city>
<state>ON</state>
<isActive>1</isActive>
<createdDate>2017-01-25</createdDate>
<UpdatedDate>2018-03-22</UpdatedDate>
</customer>
<customer>
<custno>22</custno>
<firstname>Eden</firstname>
<lastname>Ochoa</lastname>
<gender>1</gender>
<age>53</age>
<profession>Accounting</profession>
<contactNo>1614020699199</contactNo>
<emailId>mauris@amet.org</emailId>
<city>Isla de Maipo</city>
<state>RM</state>
<isActive>2</isActive>
<createdDate>2017-03-25</createdDate>
<UpdatedDate>2018-03-06</UpdatedDate>
</customer>
<customer>
<custno>23</custno>
<firstname>Davis</firstname>
<lastname>Frazier</lastname>
<gender>2</gender>
<age>57</age>
<profession>Payroll</profession>
<contactNo>1683020184599</contactNo>
<emailId>ligula@Aliquamrutrum.com</emailId>
<city>Woodstock</city>
<state>Ontario</state>
<isActive>1</isActive>
<createdDate>2017-04-27</createdDate>
<UpdatedDate>2018-01-01</UpdatedDate>
</customer>
<customer>
<custno>24</custno>
<firstname>Nevada</firstname>
<lastname>Church</lastname>
<gender>2</gender>
<age>62</age>
<profession>Tech Support</profession>
<contactNo>1698051320699</contactNo>
<emailId>gravida.nunc@euodio.edu</emailId>
<city>Olsztyn</city>
<state>Warmińsko-mazurskie</state>
<isActive>1</isActive>
<createdDate>2017-04-21</createdDate>
<UpdatedDate>2017-10-20</UpdatedDate>
</customer>
<customer>
<custno>25</custno>
<firstname>Barbara</firstname>
<lastname>Herrera</lastname>
<gender>1</gender>
<age>51</age>
<profession>Quality Assurance</profession>
<contactNo>1653060978599</contactNo>
<emailId>purus@eleifendCras.com</emailId>
<city>Berlin</city>
<state>Berlin</state>
<isActive>1</isActive>
<createdDate>2017-04-01</createdDate>
<UpdatedDate>2018-09-10</UpdatedDate>
</customer>
<customer>
<custno>26</custno>
<firstname>Erasmus</firstname>
<lastname>Salas</lastname>
<gender>1</gender>
<age>21</age>
<profession>Tech Support</profession>
<contactNo>1631091440899</contactNo>
<emailId>feugiat@nec.com</emailId>
<city>Rockhampton</city>
<state>Queensland</state>
<isActive>1</isActive>
<createdDate>2016-12-15</createdDate>
<UpdatedDate>2018-01-02</UpdatedDate>
</customer>
<customer>
<custno>27</custno>
<firstname>Brynne</firstname>
<lastname>Fowler</lastname>
<gender>1</gender>
<age>58</age>
<profession>Customer Service</profession>
<contactNo>1681051372299</contactNo>
<emailId>enim.mi.tempor@inceptos.org</emailId>
<city>Montpelier</city>
<state>VT</state>
<isActive>1</isActive>
<createdDate>2017-03-29</createdDate>
<UpdatedDate>2018-01-06</UpdatedDate>
</customer>
<customer>
<custno>28</custno>
<firstname>Allistair</firstname>
<lastname>Merritt</lastname>
<gender>2</gender>
<age>56</age>
<profession>Human Resources</profession>
<contactNo>1636081123399</contactNo>
<emailId>Nullam.suscipit.est@augue.org</emailId>
<city>Jundiaí</city>
<state>SP</state>
<isActive>2</isActive>
<createdDate>2016-12-27</createdDate>
<UpdatedDate>2017-11-07</UpdatedDate>
</customer>
<customer>
<custno>29</custno>
<firstname>Deacon</firstname>
<lastname>Marsh</lastname>
<gender>1</gender>
<age>51</age>
<profession>Finances</profession>
<contactNo>1622081217899</contactNo>
<emailId>turpis.nec@ultriciesligulaNullam.co.uk</emailId>
<city>St. Thomas</city>
<state>ON</state>
<isActive>2</isActive>
<createdDate>2016-11-29</createdDate>
<UpdatedDate>2017-11-18</UpdatedDate>
</customer>
<customer>
<custno>30</custno>
<firstname>Acton</firstname>
<lastname>York</lastname>
<gender>1</gender>
<age>57</age>
<profession>Media Relations</profession>
<contactNo>1641061966199</contactNo>
<emailId>ac@utaliquam.edu</emailId>
<city>Istanbul</city>
<state>Istanbul</state>
<isActive>2</isActive>
<createdDate>2017-01-06</createdDate>
<UpdatedDate>2018-07-03</UpdatedDate>
</customer>
<customer>
<custno>31</custno>
<firstname>Evan</firstname>
<lastname>Hodges</lastname>
<gender>1</gender>
<age>31</age>
<profession>Sales and Marketing</profession>
<contactNo>1676031056999</contactNo>
<emailId>elementum@Namligula.com</emailId>
<city>Bienne-lez-Happart</city>
<state>HE</state>
<isActive>1</isActive>
<createdDate>2017-02-11</createdDate>
<UpdatedDate>2017-10-15</UpdatedDate>
</customer>
<customer>
<custno>32</custno>
<firstname>Zahir</firstname>
<lastname>Oliver</lastname>
<gender>1</gender>
<age>36</age>
<profession>Asset Management</profession>
<contactNo>1664101047199</contactNo>
<emailId>vulputate.mauris@nonegestasa.net</emailId>
<city>Mustafakemalpaşa</city>
<state>Bur</state>
<isActive>2</isActive>
<createdDate>2017-05-24</createdDate>
<UpdatedDate>2018-09-28</UpdatedDate>
</customer>
<customer>
<custno>33</custno>
<firstname>Colton</firstname>
<lastname>Atkinson</lastname>
<gender>1</gender>
<age>65</age>
<profession>Asset Management</profession>
<contactNo>1648031707899</contactNo>
<emailId>elementum.dui.quis@sagittis.edu</emailId>
<city>Viesville</city>
<state>HE</state>
<isActive>2</isActive>
<createdDate>2016-12-12</createdDate>
<UpdatedDate>2018-09-12</UpdatedDate>
</customer>
<customer>
<custno>34</custno>
<firstname>Orson</firstname>
<lastname>Riley</lastname>
<gender>1</gender>
<age>38</age>
<profession>Payroll</profession>
<contactNo>1664121845499</contactNo>
<emailId>nec.leo@AeneanmassaInteger.net</emailId>
<city>Imperatriz</city>
<state>Maranhão</state>
<isActive>2</isActive>
<createdDate>2017-03-01</createdDate>
<UpdatedDate>2018-07-10</UpdatedDate>
</customer>
<customer>
<custno>35</custno>
<firstname>Leo</firstname>
<lastname>Soto</lastname>
<gender>2</gender>
<age>38</age>
<profession>Public Relations</profession>
<contactNo>1633121923699</contactNo>
<emailId>et.magnis@pedenonummyut.edu</emailId>
<city>Legnica</city>
<state>Dolnośląskie</state>
<isActive>2</isActive>
<createdDate>2017-01-08</createdDate>
<UpdatedDate>2018-02-13</UpdatedDate>
</customer>
<customer>
<custno>36</custno>
<firstname>Mari</firstname>
<lastname>Russo</lastname>
<gender>2</gender>
<age>21</age>
<profession>Tech Support</profession>
<contactNo>1667041787099</contactNo>
<emailId>id.ante.Nunc@molestietellus.com</emailId>
<city>Kozan</city>
<state>Ada</state>
<isActive>1</isActive>
<createdDate>2017-01-16</createdDate>
<UpdatedDate>2018-09-29</UpdatedDate>
</customer>
<customer>
<custno>37</custno>
<firstname>Allistair</firstname>
<lastname>Ramsey</lastname>
<gender>1</gender>
<age>59</age>
<profession>Research and Development</profession>
<contactNo>1615061739099</contactNo>
<emailId>adipiscing.elit@auguemalesuada.edu</emailId>
<city>Woodstock</city>
<state>ON</state>
<isActive>2</isActive>
<createdDate>2017-03-19</createdDate>
<UpdatedDate>2018-04-27</UpdatedDate>
</customer>
<customer>
<custno>38</custno>
<firstname>Reuben</firstname>
<lastname>Hull</lastname>
<gender>2</gender>
<age>61</age>
<profession>Research and Development</profession>
<contactNo>1673020704999</contactNo>
<emailId>sem.egestas.blandit@sem.org</emailId>
<city>Calestano</city>
<state>Emilia-Romagna</state>
<isActive>2</isActive>
<createdDate>2017-01-02</createdDate>
<UpdatedDate>2018-03-06</UpdatedDate>
</customer>
<customer>
<custno>39</custno>
<firstname>Evangeline</firstname>
<lastname>Young</lastname>
<gender>2</gender>
<age>44</age>
<profession>Human Resources</profession>
<contactNo>1630060985199</contactNo>
<emailId>primis@vel.org</emailId>
<city>Vallentuna</city>
<state>AB</state>
<isActive>1</isActive>
<createdDate>2017-04-20</createdDate>
<UpdatedDate>2017-12-12</UpdatedDate>
</customer>
<customer>
<custno>40</custno>
<firstname>Katelyn</firstname>
<lastname>Brock</lastname>
<gender>2</gender>
<age>58</age>
<profession>Asset Management</profession>
<contactNo>1640100436499</contactNo>
<emailId>Fusce.fermentum@Sed.com</emailId>
<city>Galway</city>
<state>C</state>
<isActive>1</isActive>
<createdDate>2017-01-13</createdDate>
<UpdatedDate>2018-07-01</UpdatedDate>
</customer>
<customer>
<custno>41</custno>
<firstname>Lucian</firstname>
<lastname>Bowen</lastname>
<gender>2</gender>
<age>39</age>
<profession>Public Relations</profession>
<contactNo>1687082909199</contactNo>
<emailId>Curabitur@enimsit.com</emailId>
<city>Dublin</city>
<state>Leinster</state>
<isActive>2</isActive>
<createdDate>2016-12-07</createdDate>
<UpdatedDate>2017-09-22</UpdatedDate>
</customer>
<customer>
<custno>42</custno>
<firstname>Courtney</firstname>
<lastname>Gay</lastname>
<gender>1</gender>
<age>44</age>
<profession>Accounting</profession>
<contactNo>1695100695999</contactNo>
<emailId>ante.ipsum@Mauris.org</emailId>
<city>Independence</city>
<state>Missouri</state>
<isActive>1</isActive>
<createdDate>2016-12-11</createdDate>
<UpdatedDate>2018-06-04</UpdatedDate>
</customer>
<customer>
<custno>43</custno>
<firstname>Samson</firstname>
<lastname>Flowers</lastname>
<gender>2</gender>
<age>37</age>
<profession>Research and Development</profession>
<contactNo>1695080959399</contactNo>
<emailId>arcu.imperdiet.ullamcorper@ut.edu</emailId>
<city>Panjim</city>
<state>GA</state>
<isActive>2</isActive>
<createdDate>2017-01-30</createdDate>
<UpdatedDate>2018-07-31</UpdatedDate>
</customer>
<customer>
<custno>44</custno>
<firstname>Dora</firstname>
<lastname>Woodward</lastname>
<gender>1</gender>
<age>47</age>
<profession>Human Resources</profession>
<contactNo>1641040409799</contactNo>
<emailId>interdum.libero@mauris.co.uk</emailId>
<city>Châtellerault</city>
<state>Poitou-Charentes</state>
<isActive>2</isActive>
<createdDate>2017-03-20</createdDate>
<UpdatedDate>2017-07-10</UpdatedDate>
</customer>
<customer>
<custno>45</custno>
<firstname>Yardley</firstname>
<lastname>Mayer</lastname>
<gender>2</gender>
<age>57</age>
<profession>Sales and Marketing</profession>
<contactNo>1627060616899</contactNo>
<emailId>ornare.Fusce@ipsum.edu</emailId>
<city>South Bend</city>
<state>IN</state>
<isActive>1</isActive>
<createdDate>2017-01-24</createdDate>
<UpdatedDate>2018-05-14</UpdatedDate>
</customer>
<customer>
<custno>46</custno>
<firstname>Ira</firstname>
<lastname>Gibson</lastname>
<gender>1</gender>
<age>27</age>
<profession>Finances</profession>
<contactNo>1683021034699</contactNo>
<emailId>laoreet@nuncInat.org</emailId>
<city>Alassio</city>
<state>LIG</state>
<isActive>2</isActive>
<createdDate>2016-11-29</createdDate>
<UpdatedDate>2017-08-29</UpdatedDate>
</customer>
<customer>
<custno>47</custno>
<firstname>Quinn</firstname>
<lastname>Flores</lastname>
<gender>2</gender>
<age>27</age>
<profession>Accounting</profession>
<contactNo>1675051428799</contactNo>
<emailId>lacinia.orci.consectetuer@Nullatemporaugue.ca</emailId>
<city>Jaipur</city>
<state>RJ</state>
<isActive>1</isActive>
<createdDate>2017-01-19</createdDate>
<UpdatedDate>2018-03-16</UpdatedDate>
</customer>
<customer>
<custno>48</custno>
<firstname>Hedley</firstname>
<lastname>Daniels</lastname>
<gender>2</gender>
<age>24</age>
<profession>Asset Management</profession>
<contactNo>1651061581599</contactNo>
<emailId>lectus@nonhendreritid.co.uk</emailId>
<city>Pinkafeld</city>
<state>Burgenland</state>
<isActive>2</isActive>
<createdDate>2017-05-03</createdDate>
<UpdatedDate>2017-07-04</UpdatedDate>
</customer>
<customer>
<custno>49</custno>
<firstname>Giselle</firstname>
<lastname>Gentry</lastname>
<gender>1</gender>
<age>62</age>
<profession>Legal Department</profession>
<contactNo>1624041325999</contactNo>
<emailId>amet.diam.eu@idsapienCras.org</emailId>
<city>Bydgoszcz</city>
<state>Kujawsko-pomorskie</state>
<isActive>1</isActive>
<createdDate>2017-02-09</createdDate>
<UpdatedDate>2018-04-07</UpdatedDate>
</customer>
<customer>
<custno>50</custno>
<firstname>Lenore</firstname>
<lastname>Martin</lastname>
<gender>2</gender>
<age>31</age>
<profession>Customer Relations</profession>
<contactNo>1674030197899</contactNo>
<emailId>lacus.Ut.nec@erat.net</emailId>
<city>Clovenfords</city>
<state>SE</state>
<isActive>2</isActive>
<createdDate>2017-01-15</createdDate>
<UpdatedDate>2017-08-24</UpdatedDate>
</customer>
<customer>
<custno>51</custno>
<firstname>Bruce</firstname>
<lastname>Haney</lastname>
<gender>2</gender>
<age>50</age>
<profession>Media Relations</profession>
<contactNo>1604092123699</contactNo>
<emailId>molestie@risusNunc.org</emailId>
<city>Kitzbühel</city>
<state>Tyrol</state>
<isActive>1</isActive>
<createdDate>2016-12-24</createdDate>
<UpdatedDate>2018-11-19</UpdatedDate>
</customer>
<customer>
<custno>52</custno>
<firstname>Xanthus</firstname>
<lastname>Kirby</lastname>
<gender>1</gender>
<age>33</age>
<profession>Public Relations</profession>
<contactNo>1634061002199</contactNo>
<emailId>eget.laoreet@lacusQuisqueimperdiet.edu</emailId>
<city>Hulst</city>
<state>Zeeland</state>
<isActive>1</isActive>
<createdDate>2017-01-05</createdDate>
<UpdatedDate>2018-09-13</UpdatedDate>
</customer>
<customer>
<custno>53</custno>
<firstname>Bryar</firstname>
<lastname>Travis</lastname>
<gender>2</gender>
<age>49</age>
<profession>Finances</profession>
<contactNo>1606080625199</contactNo>
<emailId>condimentum.Donec.at@Nuncacsem.com</emailId>
<city>Paraíso</city>
<state>Cartago</state>
<isActive>2</isActive>
<createdDate>2016-12-15</createdDate>
<UpdatedDate>2018-05-15</UpdatedDate>
</customer>
<customer>
<custno>54</custno>
<firstname>Harlan</firstname>
<lastname>Holloway</lastname>
<gender>1</gender>
<age>29</age>
<profession>Human Resources</profession>
<contactNo>1641031192999</contactNo>
<emailId>imperdiet.nec.leo@ipsumnuncid.ca</emailId>
<city>Norfolk</city>
<state>Virginia</state>
<isActive>2</isActive>
<createdDate>2017-01-29</createdDate>
<UpdatedDate>2018-07-04</UpdatedDate>
</customer>
<customer>
<custno>55</custno>
<firstname>Diana</firstname>
<lastname>Martin</lastname>
<gender>2</gender>
<age>39</age>
<profession>Quality Assurance</profession>
<contactNo>1639092382199</contactNo>
<emailId>non.justo@mattisIntegereu.ca</emailId>
<city>Niterói</city>
<state>Rio de Janeiro</state>
<isActive>2</isActive>
<createdDate>2017-01-10</createdDate>
<UpdatedDate>2018-03-13</UpdatedDate>
</customer>
<customer>
<custno>56</custno>
<firstname>Kyle</firstname>
<lastname>Newton</lastname>
<gender>1</gender>
<age>41</age>
<profession>Sales and Marketing</profession>
<contactNo>1667072363899</contactNo>
<emailId>Lorem.ipsum.dolor@eueleifendnec.org</emailId>
<city>Fraser-Fort George</city>
<state>BC</state>
<isActive>1</isActive>
<createdDate>2017-05-19</createdDate>
<UpdatedDate>2018-03-06</UpdatedDate>
</customer>
<customer>
<custno>57</custno>
<firstname>Philip</firstname>
<lastname>Brewer</lastname>
<gender>2</gender>
<age>33</age>
<profession>Customer Relations</profession>
<contactNo>1662060855199</contactNo>
<emailId>fringilla@nisi.edu</emailId>
<city>Quesada</city>
<state>Alajuela</state>
<isActive>2</isActive>
<createdDate>2017-02-14</createdDate>
<UpdatedDate>2017-08-21</UpdatedDate>
</customer>
<customer>
<custno>58</custno>
<firstname>Jerry</firstname>
<lastname>Parker</lastname>
<gender>2</gender>
<age>43</age>
<profession>Human Resources</profession>
<contactNo>1636110778399</contactNo>
<emailId>a.magna.Lorem@lectuspede.edu</emailId>
<city>Tomaszów Mazowiecki</city>
<state>LD</state>
<isActive>1</isActive>
<createdDate>2016-12-10</createdDate>
<UpdatedDate>2018-01-16</UpdatedDate>
</customer>
<customer>
<custno>59</custno>
<firstname>Serena</firstname>
<lastname>Combs</lastname>
<gender>1</gender>
<age>22</age>
<profession>Human Resources</profession>
<contactNo>1640093029899</contactNo>
<emailId>massa@dapibusid.ca</emailId>
<city>Berlin</city>
<state>BE</state>
<isActive>1</isActive>
<createdDate>2017-02-20</createdDate>
<UpdatedDate>2018-06-29</UpdatedDate>
</customer>
<customer>
<custno>60</custno>
<firstname>Sybil</firstname>
<lastname>Durham</lastname>
<gender>1</gender>
<age>53</age>
<profession>Asset Management</profession>
<contactNo>1673041231399</contactNo>
<emailId>pede.Cum.sociis@odioEtiam.ca</emailId>
<city>Blenheim</city>
<state>South Island</state>
<isActive>2</isActive>
<createdDate>2017-05-03</createdDate>
<UpdatedDate>2018-07-14</UpdatedDate>
</customer>
<customer>
<custno>61</custno>
<firstname>Cynthia</firstname>
<lastname>Potter</lastname>
<gender>2</gender>
<age>58</age>
<profession>Public Relations</profession>
<contactNo>1648113008199</contactNo>
<emailId>diam.eu.dolor@egestasa.org</emailId>
<city>Ełk</city>
<state>WM</state>
<isActive>2</isActive>
<createdDate>2017-01-02</createdDate>
<UpdatedDate>2018-07-23</UpdatedDate>
</customer>
<customer>
<custno>62</custno>
<firstname>Logan</firstname>
<lastname>Perez</lastname>
<gender>1</gender>
<age>27</age>
<profession>Quality Assurance</profession>
<contactNo>1649020205699</contactNo>
<emailId>faucibus.orci@est.org</emailId>
<city>Monguelfo-Tesido/Welsberg-Taisten</city>
<state>TAA</state>
<isActive>2</isActive>
<createdDate>2017-04-28</createdDate>
<UpdatedDate>2018-04-24</UpdatedDate>
</customer>
<customer>
<custno>63</custno>
<firstname>Galena</firstname>
<lastname>Galloway</lastname>
<gender>1</gender>
<age>27</age>
<profession>Public Relations</profession>
<contactNo>1648041280799</contactNo>
<emailId>libero.est.congue@Incondimentum.co.uk</emailId>
<city>Scarborough</city>
<state>Ontario</state>
<isActive>1</isActive>
<createdDate>2017-05-10</createdDate>
<UpdatedDate>2018-04-16</UpdatedDate>
</customer>
<customer>
<custno>64</custno>
<firstname>Burke</firstname>
<lastname>Riddle</lastname>
<gender>1</gender>
<age>60</age>
<profession>Legal Department</profession>
<contactNo>1628082971599</contactNo>
<emailId>fringilla.purus@malesuada.net</emailId>
<city>San Damiano al Colle</city>
<state>Lombardia</state>
<isActive>2</isActive>
<createdDate>2017-03-28</createdDate>
<UpdatedDate>2017-09-29</UpdatedDate>
</customer>
<customer>
<custno>65</custno>
<firstname>Lacey</firstname>
<lastname>Simmons</lastname>
<gender>1</gender>
<age>29</age>
<profession>Sales and Marketing</profession>
<contactNo>1640020808099</contactNo>
<emailId>elit@Duisat.org</emailId>
<city>Thiaumont</city>
<state>LX</state>
<isActive>1</isActive>
<createdDate>2017-05-24</createdDate>
<UpdatedDate>2018-04-26</UpdatedDate>
</customer>
<customer>
<custno>66</custno>
<firstname>Ruby</firstname>
<lastname>Ingram</lastname>
<gender>1</gender>
<age>44</age>
<profession>Accounting</profession>
<contactNo>1641090863399</contactNo>
<emailId>sagittis@arcu.edu</emailId>
<city>Newbury</city>
<state>Ontario</state>
<isActive>1</isActive>
<createdDate>2017-05-01</createdDate>
<UpdatedDate>2018-07-09</UpdatedDate>
</customer>
<customer>
<custno>67</custno>
<firstname>Dieter</firstname>
<lastname>Harrington</lastname>
<gender>2</gender>
<age>52</age>
<profession>Legal Department</profession>
<contactNo>1613080521399</contactNo>
<emailId>tristique@Duisdignissim.com</emailId>
<city>Antalya</city>
<state>Ant</state>
<isActive>2</isActive>
<createdDate>2017-05-31</createdDate>
<UpdatedDate>2017-07-03</UpdatedDate>
</customer>
<customer>
<custno>68</custno>
<firstname>Deacon</firstname>
<lastname>Livingston</lastname>
<gender>1</gender>
<age>29</age>
<profession>Legal Department</profession>
<contactNo>1682090896099</contactNo>
<emailId>lorem.fringilla@auctor.com</emailId>
<city>Katsina</city>
<state>Katsina</state>
<isActive>2</isActive>
<createdDate>2017-03-20</createdDate>
<UpdatedDate>2018-09-13</UpdatedDate>
</customer>
<customer>
<custno>69</custno>
<firstname>Lucy</firstname>
<lastname>Ware</lastname>
<gender>2</gender>
<age>27</age>
<profession>Customer Service</profession>
<contactNo>1613122066799</contactNo>
<emailId>dictum@utpellentesque.ca</emailId>
<city>Sant'Agata Bolognese</city>
<state>Emilia-Romagna</state>
<isActive>1</isActive>
<createdDate>2017-04-12</createdDate>
<UpdatedDate>2018-01-31</UpdatedDate>
</customer>
<customer>
<custno>70</custno>
<firstname>Cadman</firstname>
<lastname>Norris</lastname>
<gender>2</gender>
<age>52</age>
<profession>Human Resources</profession>
<contactNo>1641062348699</contactNo>
<emailId>Duis@sodalesat.co.uk</emailId>
<city>Destelbergen</city>
<state>OV</state>
<isActive>1</isActive>
<createdDate>2017-02-08</createdDate>
<UpdatedDate>2018-11-01</UpdatedDate>
</customer>
<customer>
<custno>71</custno>
<firstname>Elvis</firstname>
<lastname>Crawford</lastname>
<gender>2</gender>
<age>51</age>
<profession>Sales and Marketing</profession>
<contactNo>1607061487999</contactNo>
<emailId>nascetur@eunequepellentesque.net</emailId>
<city>New Orleans</city>
<state>LA</state>
<isActive>1</isActive>
<createdDate>2017-02-02</createdDate>
<UpdatedDate>2017-09-04</UpdatedDate>
</customer>
<customer>
<custno>72</custno>
<firstname>Ainsley</firstname>
<lastname>Maddox</lastname>
<gender>2</gender>
<age>49</age>
<profession>Quality Assurance</profession>
<contactNo>1684100979299</contactNo>
<emailId>velit@egetodioAliquam.co.uk</emailId>
<city>Austin</city>
<state>TX</state>
<isActive>2</isActive>
<createdDate>2017-04-09</createdDate>
<UpdatedDate>2017-09-12</UpdatedDate>
</customer>
<customer>
<custno>73</custno>
<firstname>Mia</firstname>
<lastname>Blair</lastname>
<gender>1</gender>
<age>27</age>
<profession>Customer Relations</profession>
<contactNo>1632062489599</contactNo>
<emailId>arcu@Crasconvallisconvallis.net</emailId>
<city>Dublin</city>
<state>Leinster</state>
<isActive>2</isActive>
<createdDate>2016-12-20</createdDate>
<UpdatedDate>2018-09-15</UpdatedDate>
</customer>
<customer>
<custno>74</custno>
<firstname>Charde</firstname>
<lastname>Lott</lastname>
<gender>1</gender>
<age>33</age>
<profession>Legal Department</profession>
<contactNo>1632030718799</contactNo>
<emailId>Phasellus@rutrum.org</emailId>
<city>Llanwrtwd Wells</city>
<state>BR</state>
<isActive>2</isActive>
<createdDate>2017-04-20</createdDate>
<UpdatedDate>2017-11-28</UpdatedDate>
</customer>
<customer>
<custno>75</custno>
<firstname>Nicholas</firstname>
<lastname>Simmons</lastname>
<gender>2</gender>
<age>37</age>
<profession>Advertising</profession>
<contactNo>1611010492099</contactNo>
<emailId>ultrices@auctorvitaealiquet.com</emailId>
<city>Surat</city>
<state>Gujarat</state>
<isActive>2</isActive>
<createdDate>2017-02-02</createdDate>
<UpdatedDate>2018-10-06</UpdatedDate>
</customer>
<customer>
<custno>76</custno>
<firstname>Alec</firstname>
<lastname>Aguilar</lastname>
<gender>2</gender>
<age>32</age>
<profession>Asset Management</profession>
<contactNo>1614010440399</contactNo>
<emailId>Sed.diam.lorem@Aenean.net</emailId>
<city>Alingsås</city>
<state>O</state>
<isActive>1</isActive>
<createdDate>2017-04-16</createdDate>
<UpdatedDate>2018-11-02</UpdatedDate>
</customer>
<customer>
<custno>77</custno>
<firstname>Serina</firstname>
<lastname>Woodard</lastname>
<gender>2</gender>
<age>23</age>
<profession>Advertising</profession>
<contactNo>1650021233399</contactNo>
<emailId>pharetra@ametfaucibusut.org</emailId>
<city>South Bend</city>
<state>Indiana</state>
<isActive>2</isActive>
<createdDate>2017-02-15</createdDate>
<UpdatedDate>2017-07-31</UpdatedDate>
</customer>
<customer>
<custno>78</custno>
<firstname>Eugenia</firstname>
<lastname>Ball</lastname>
<gender>2</gender>
<age>50</age>
<profession>Media Relations</profession>
<contactNo>1663051439799</contactNo>
<emailId>augue@atrisus.net</emailId>
<city>Midlands</city>
<state>Ontario</state>
<isActive>1</isActive>
<createdDate>2017-03-21</createdDate>
<UpdatedDate>2017-08-20</UpdatedDate>
</customer>
<customer>
<custno>79</custno>
<firstname>Molly</firstname>
<lastname>Whitaker</lastname>
<gender>1</gender>
<age>40</age>
<profession>Accounting</profession>
<contactNo>1621060162199</contactNo>
<emailId>sed.turpis@eleifendnon.net</emailId>
<city>Telfs</city>
<state>Tyrol</state>
<isActive>2</isActive>
<createdDate>2017-04-05</createdDate>
<UpdatedDate>2018-07-12</UpdatedDate>
</customer>
<customer>
<custno>80</custno>
<firstname>Erich</firstname>
<lastname>Hess</lastname>
<gender>1</gender>
<age>35</age>
<profession>Media Relations</profession>
<contactNo>1644051425399</contactNo>
<emailId>eu.arcu.Morbi@vitae.co.uk</emailId>
<city>Candela</city>
<state>PUG</state>
<isActive>2</isActive>
<createdDate>2017-01-05</createdDate>
<UpdatedDate>2018-05-28</UpdatedDate>
</customer>
<customer>
<custno>81</custno>
<firstname>Carter</firstname>
<lastname>Wiggins</lastname>
<gender>1</gender>
<age>47</age>
<profession>Finances</profession>
<contactNo>1684072985299</contactNo>
<emailId>aliquet@etmagnisdis.co.uk</emailId>
<city>Ijebu Ode</city>
<state>OG</state>
<isActive>2</isActive>
<createdDate>2017-04-02</createdDate>
<UpdatedDate>2017-08-28</UpdatedDate>
</customer>
<customer>
<custno>82</custno>
<firstname>Elmo</firstname>
<lastname>Moses</lastname>
<gender>2</gender>
<age>55</age>
<profession>Accounting</profession>
<contactNo>1676042775099</contactNo>
<emailId>nec.luctus@malesuadautsem.com</emailId>
<city>Dibrugarh</city>
<state>Assam</state>
<isActive>1</isActive>
<createdDate>2017-01-09</createdDate>
<UpdatedDate>2018-09-23</UpdatedDate>
</customer>
<customer>
<custno>83</custno>
<firstname>Uriah</firstname>
<lastname>Reyes</lastname>
<gender>2</gender>
<age>23</age>
<profession>Media Relations</profession>
<contactNo>1685112110099</contactNo>
<emailId>lectus.Nullam@estvitae.com</emailId>
<city>Ponoka</city>
<state>Alberta</state>
<isActive>1</isActive>
<createdDate>2017-03-12</createdDate>
<UpdatedDate>2018-07-26</UpdatedDate>
</customer>
<customer>
<custno>84</custno>
<firstname>Odysseus</firstname>
<lastname>Daniel</lastname>
<gender>1</gender>
<age>43</age>
<profession>Accounting</profession>
<contactNo>1682111743599</contactNo>
<emailId>lobortis@urna.ca</emailId>
<city>Berloz</city>
<state>Luik</state>
<isActive>2</isActive>
<createdDate>2017-02-18</createdDate>
<UpdatedDate>2017-11-06</UpdatedDate>
</customer>
<customer>
<custno>85</custno>
<firstname>Kaye</firstname>
<lastname>French</lastname>
<gender>1</gender>
<age>62</age>
<profession>Legal Department</profession>
<contactNo>1610052411499</contactNo>
<emailId>sed.dui@varius.com</emailId>
<city>Oamaru</city>
<state>South Island</state>
<isActive>1</isActive>
<createdDate>2017-02-18</createdDate>
<UpdatedDate>2017-12-14</UpdatedDate>
</customer>
<customer>
<custno>86</custno>
<firstname>Willow</firstname>
<lastname>Avila</lastname>
<gender>1</gender>
<age>27</age>
<profession>Advertising</profession>
<contactNo>1673111760199</contactNo>
<emailId>et.arcu.imperdiet@feugiat.com</emailId>
<city>Carson City</city>
<state>NV</state>
<isActive>2</isActive>
<createdDate>2017-03-28</createdDate>
<UpdatedDate>2018-07-10</UpdatedDate>
</customer>
<customer>
<custno>87</custno>
<firstname>Eric</firstname>
<lastname>Silva</lastname>
<gender>2</gender>
<age>47</age>
<profession>Finances</profession>
<contactNo>1671062532199</contactNo>
<emailId>tristique.pharetra@felisorciadipiscing.com</emailId>
<city>Vellore</city>
<state>Tamil Nadu</state>
<isActive>2</isActive>
<createdDate>2017-04-05</createdDate>
<UpdatedDate>2018-03-14</UpdatedDate>
</customer>
<customer>
<custno>88</custno>
<firstname>Camilla</firstname>
<lastname>Wiggins</lastname>
<gender>1</gender>
<age>44</age>
<profession>Public Relations</profession>
<contactNo>1674032743099</contactNo>
<emailId>non.dui@Aliquam.org</emailId>
<city>Bad Vöslau</city>
<state>NÖ.</state>
<isActive>1</isActive>
<createdDate>2017-02-02</createdDate>
<UpdatedDate>2017-12-03</UpdatedDate>
</customer>
<customer>
<custno>89</custno>
<firstname>Alden</firstname>
<lastname>Gordon</lastname>
<gender>2</gender>
<age>47</age>
<profession>Human Resources</profession>
<contactNo>1609061303799</contactNo>
<emailId>Suspendisse.non@maurisaliquam.edu</emailId>
<city>Cuddalore</city>
<state>Tamil Nadu</state>
<isActive>2</isActive>
<createdDate>2017-05-05</createdDate>
<UpdatedDate>2018-08-03</UpdatedDate>
</customer>
<customer>
<custno>90</custno>
<firstname>Sawyer</firstname>
<lastname>Goodman</lastname>
<gender>1</gender>
<age>30</age>
<profession>Asset Management</profession>
<contactNo>1677091406199</contactNo>
<emailId>ultricies.ligula.Nullam@hendreritneque.co.uk</emailId>
<city>Istanbul</city>
<state>Istanbul</state>
<isActive>2</isActive>
<createdDate>2017-03-31</createdDate>
<UpdatedDate>2018-05-27</UpdatedDate>
</customer>
<customer>
<custno>91</custno>
<firstname>Charissa</firstname>
<lastname>Larsen</lastname>
<gender>2</gender>
<age>46</age>
<profession>Advertising</profession>
<contactNo>1658011486999</contactNo>
<emailId>eleifend.egestas@euduiCum.ca</emailId>
<city>Roccalumera</city>
<state>Sicilia</state>
<isActive>2</isActive>
<createdDate>2016-12-20</createdDate>
<UpdatedDate>2017-07-05</UpdatedDate>
</customer>
<customer>
<custno>92</custno>
<firstname>Harper</firstname>
<lastname>Padilla</lastname>
<gender>1</gender>
<age>41</age>
<profession>Research and Development</profession>
<contactNo>1649060678899</contactNo>
<emailId>vestibulum.lorem.sit@in.com</emailId>
<city>St. Asaph</city>
<state>FL</state>
<isActive>2</isActive>
<createdDate>2017-04-09</createdDate>
<UpdatedDate>2018-08-22</UpdatedDate>
</customer>
<customer>
<custno>93</custno>
<firstname>Travis</firstname>
<lastname>Pierce</lastname>
<gender>1</gender>
<age>52</age>
<profession>Asset Management</profession>
<contactNo>1691031498299</contactNo>
<emailId>neque.sed.sem@pedenec.ca</emailId>
<city>Blenheim</city>
<state>South Island</state>
<isActive>2</isActive>
<createdDate>2016-12-15</createdDate>
<UpdatedDate>2017-08-02</UpdatedDate>
</customer>
<customer>
<custno>94</custno>
<firstname>Odette</firstname>
<lastname>Sanchez</lastname>
<gender>2</gender>
<age>49</age>
<profession>Research and Development</profession>
<contactNo>1652050116499</contactNo>
<emailId>Curabitur@non.co.uk</emailId>
<city>Bowling Green</city>
<state>Kentucky</state>
<isActive>2</isActive>
<createdDate>2017-03-05</createdDate>
<UpdatedDate>2017-12-19</UpdatedDate>
</customer>
<customer>
<custno>95</custno>
<firstname>Mannix</firstname>
<lastname>Wallace</lastname>
<gender>2</gender>
<age>31</age>
<profession>Customer Service</profession>
<contactNo>1615030988099</contactNo>
<emailId>eget.varius@liberoettristique.ca</emailId>
<city>Sapele</city>
<state>Delta</state>
<isActive>1</isActive>
<createdDate>2017-03-29</createdDate>
<UpdatedDate>2018-11-01</UpdatedDate>
</customer>
<customer>
<custno>96</custno>
<firstname>Harriet</firstname>
<lastname>Moreno</lastname>
<gender>1</gender>
<age>33</age>
<profession>Legal Department</profession>
<contactNo>1699083081799</contactNo>
<emailId>adipiscing.lobortis.risus@est.edu</emailId>
<city>Mogliano</city>
<state>Marche</state>
<isActive>1</isActive>
<createdDate>2017-03-16</createdDate>
<UpdatedDate>2017-11-15</UpdatedDate>
</customer>
<customer>
<custno>97</custno>
<firstname>Nell</firstname>
<lastname>Sparks</lastname>
<gender>1</gender>
<age>63</age>
<profession>Asset Management</profession>
<contactNo>1676091596299</contactNo>
<emailId>ullamcorper.Duis.at@ultricesDuisvolutpat.com</emailId>
<city>Asnières-sur-Seine</city>
<state>IL</state>
<isActive>2</isActive>
<createdDate>2017-03-15</createdDate>
<UpdatedDate>2017-07-09</UpdatedDate>
</customer>
<customer>
<custno>98</custno>
<firstname>Ashely</firstname>
<lastname>Lynn</lastname>
<gender>1</gender>
<age>30</age>
<profession>Customer Service</profession>
<contactNo>1648120950499</contactNo>
<emailId>faucibus.leo@egestasadui.co.uk</emailId>
<city>Redlands</city>
<state>QLD</state>
<isActive>2</isActive>
<createdDate>2017-03-18</createdDate>
<UpdatedDate>2017-11-22</UpdatedDate>
</customer>
<customer>
<custno>99</custno>
<firstname>Emily</firstname>
<lastname>Williams</lastname>
<gender>2</gender>
<age>30</age>
<profession>Finances</profession>
<contactNo>1673100901599</contactNo>
<emailId>sit.amet@miloremvehicula.edu</emailId>
<city>Berwick-upon-Tweed</city>
<state>Northumberland</state>
<isActive>2</isActive>
<createdDate>2016-12-23</createdDate>
<UpdatedDate>2017-11-19</UpdatedDate>
</customer>
<customer>
<custno>100</custno>
<firstname>Tashya</firstname>
<lastname>Dudley</lastname>
<gender>1</gender>
<age>31</age>
<profession>Customer Relations</profession>
<contactNo>1623012937399</contactNo>
<emailId>et.netus.et@NullamnislMaecenas.edu</emailId>
<city>Stockholm</city>
<state>Stockholms län</state>
<isActive>1</isActive>
<createdDate>2016-12-18</createdDate>
<UpdatedDate>2018-11-10</UpdatedDate>
</customer>
</customers>
