<products>
<product>
<productno>100</productno>
<productName>Hyundai Motors</productName>
<Description>eight</Description>
<isActive>2</isActive>
<createdDate>2017-10-01</createdDate>
<UpdatedDate>2017-11-04</UpdatedDate>
</product>
<product>
<productno>101</productno>
<productName>Honda</productName>
<Description>eight</Description>
<isActive>1</isActive>
<createdDate>2017-04-10</createdDate>
<UpdatedDate>2017-11-11</UpdatedDate>
</product>
<product>
<productno>102</productno>
<productName>GMC</productName>
<Description>three</Description>
<isActive>2</isActive>
<createdDate>2017-02-09</createdDate>
<UpdatedDate>2017-11-17</UpdatedDate>
</product>
<product>
<productno>103</productno>
<productName>Lexus</productName>
<Description>eight</Description>
<isActive>2</isActive>
<createdDate>2017-06-01</createdDate>
<UpdatedDate>2017-11-04</UpdatedDate>
</product>
<product>
<productno>104</productno>
<productName>Smart</productName>
<Description>five</Description>
<isActive>2</isActive>
<createdDate>2017-08-10</createdDate>
<UpdatedDate>2017-11-16</UpdatedDate>
</product>
<product>
<productno>105</productno>
<productName>Dacia</productName>
<Description>five</Description>
<isActive>1</isActive>
<createdDate>2016-12-21</createdDate>
<UpdatedDate>2017-11-04</UpdatedDate>
</product>
<product>
<productno>106</productno>
<productName>Skoda</productName>
<Description>six</Description>
<isActive>2</isActive>
<createdDate>2017-08-17</createdDate>
<UpdatedDate>2017-11-03</UpdatedDate>
</product>
<product>
<productno>107</productno>
<productName>Ferrari</productName>
<Description>nine</Description>
<isActive>2</isActive>
<createdDate>2017-09-19</createdDate>
<UpdatedDate>2017-11-18</UpdatedDate>
</product>
<product>
<productno>108</productno>
<productName>Dongfeng Motor</productName>
<Description>three</Description>
<isActive>2</isActive>
<createdDate>2017-04-23</createdDate>
<UpdatedDate>2017-11-15</UpdatedDate>
</product>
<product>
<productno>109</productno>
<productName>Volvo</productName>
<Description>one</Description>
<isActive>2</isActive>
<createdDate>2017-03-26</createdDate>
<UpdatedDate>2017-11-17</UpdatedDate>
</product>
<product>
<productno>110</productno>
<productName>MINI</productName>
<Description>three</Description>
<isActive>1</isActive>
<createdDate>2016-12-30</createdDate>
<UpdatedDate>2017-11-01</UpdatedDate>
</product>
<product>
<productno>111</productno>
<productName>Peugeot</productName>
<Description>two</Description>
<isActive>1</isActive>
<createdDate>2017-08-09</createdDate>
<UpdatedDate>2017-11-04</UpdatedDate>
</product>
<product>
<productno>112</productno>
<productName>JLR</productName>
<Description>nine</Description>
<isActive>2</isActive>
<createdDate>2016-11-15</createdDate>
<UpdatedDate>2017-11-08</UpdatedDate>
</product>
<product>
<productno>113</productno>
<productName>Vauxhall</productName>
<Description>ten</Description>
<isActive>1</isActive>
<createdDate>2017-10-10</createdDate>
<UpdatedDate>2017-11-05</UpdatedDate>
</product>
<product>
<productno>114</productno>
<productName>MINI</productName>
<Description>one</Description>
<isActive>2</isActive>
<createdDate>2016-11-17</createdDate>
<UpdatedDate>2017-11-13</UpdatedDate>
</product>
<product>
<productno>115</productno>
<productName>Renault</productName>
<Description>six</Description>
<isActive>2</isActive>
<createdDate>2016-11-12</createdDate>
<UpdatedDate>2017-11-01</UpdatedDate>
</product>
<product>
<productno>116</productno>
<productName>Renault</productName>
<Description>nine</Description>
<isActive>2</isActive>
<createdDate>2017-03-21</createdDate>
<UpdatedDate>2017-11-03</UpdatedDate>
</product>
<product>
<productno>117</productno>
<productName>Volkswagen</productName>
<Description>four</Description>
<isActive>2</isActive>
<createdDate>2016-11-20</createdDate>
<UpdatedDate>2017-11-08</UpdatedDate>
</product>
<product>
<productno>118</productno>
<productName>Seat</productName>
<Description>six</Description>
<isActive>2</isActive>
<createdDate>2017-04-23</createdDate>
<UpdatedDate>2017-11-14</UpdatedDate>
</product>
<product>
<productno>119</productno>
<productName>Dacia</productName>
<Description>ten</Description>
<isActive>2</isActive>
<createdDate>2016-11-12</createdDate>
<UpdatedDate>2017-11-14</UpdatedDate>
</product>
<product>
<productno>120</productno>
<productName>Smart</productName>
<Description>three</Description>
<isActive>1</isActive>
<createdDate>2017-05-29</createdDate>
<UpdatedDate>2017-11-07</UpdatedDate>
</product>
<product>
<productno>121</productno>
<productName>Mitsubishi Motors</productName>
<Description>nine</Description>
<isActive>2</isActive>
<createdDate>2017-05-10</createdDate>
<UpdatedDate>2017-11-16</UpdatedDate>
</product>
<product>
<productno>122</productno>
<productName>Buick</productName>
<Description>nine</Description>
<isActive>1</isActive>
<createdDate>2017-08-06</createdDate>
<UpdatedDate>2017-11-17</UpdatedDate>
</product>
<product>
<productno>123</productno>
<productName>Nissan</productName>
<Description>six</Description>
<isActive>2</isActive>
<createdDate>2017-04-20</createdDate>
<UpdatedDate>2017-11-14</UpdatedDate>
</product>
<product>
<productno>124</productno>
<productName>Porsche</productName>
<Description>six</Description>
<isActive>2</isActive>
<createdDate>2016-11-12</createdDate>
<UpdatedDate>2017-11-10</UpdatedDate>
</product>
<product>
<productno>125</productno>
<productName>Volvo</productName>
<Description>nine</Description>
<isActive>1</isActive>
<createdDate>2017-08-28</createdDate>
<UpdatedDate>2017-11-15</UpdatedDate>
</product>
<product>
<productno>126</productno>
<productName>Volkswagen</productName>
<Description>five</Description>
<isActive>2</isActive>
<createdDate>2017-05-23</createdDate>
<UpdatedDate>2017-11-09</UpdatedDate>
</product>
<product>
<productno>127</productno>
<productName>Lincoln</productName>
<Description>eight</Description>
<isActive>2</isActive>
<createdDate>2017-06-10</createdDate>
<UpdatedDate>2017-11-11</UpdatedDate>
</product>
<product>
<productno>128</productno>
<productName>Citroën</productName>
<Description>two</Description>
<isActive>2</isActive>
<createdDate>2016-11-29</createdDate>
<UpdatedDate>2017-11-01</UpdatedDate>
</product>
<product>
<productno>129</productno>
<productName>Suzuki</productName>
<Description>five</Description>
<isActive>2</isActive>
<createdDate>2017-08-08</createdDate>
<UpdatedDate>2017-11-12</UpdatedDate>
</product>
<product>
<productno>130</productno>
<productName>Seat</productName>
<Description>ten</Description>
<isActive>2</isActive>
<createdDate>2017-05-09</createdDate>
<UpdatedDate>2017-11-16</UpdatedDate>
</product>
<product>
<productno>131</productno>
<productName>Buick</productName>
<Description>four</Description>
<isActive>2</isActive>
<createdDate>2017-05-30</createdDate>
<UpdatedDate>2017-11-13</UpdatedDate>
</product>
<product>
<productno>132</productno>
<productName>Smart</productName>
<Description>ten</Description>
<isActive>1</isActive>
<createdDate>2017-01-16</createdDate>
<UpdatedDate>2017-11-16</UpdatedDate>
</product>
<product>
<productno>133</productno>
<productName>Vauxhall</productName>
<Description>seven</Description>
<isActive>2</isActive>
<createdDate>2017-09-01</createdDate>
<UpdatedDate>2017-11-18</UpdatedDate>
</product>
<product>
<productno>134</productno>
<productName>Kia Motors</productName>
<Description>nine</Description>
<isActive>1</isActive>
<createdDate>2017-05-14</createdDate>
<UpdatedDate>2017-11-14</UpdatedDate>
</product>
<product>
<productno>135</productno>
<productName>Seat</productName>
<Description>ten</Description>
<isActive>1</isActive>
<createdDate>2017-04-21</createdDate>
<UpdatedDate>2017-11-18</UpdatedDate>
</product>
<product>
<productno>136</productno>
<productName>Hyundai Motors</productName>
<Description>two</Description>
<isActive>1</isActive>
<createdDate>2017-02-08</createdDate>
<UpdatedDate>2017-11-05</UpdatedDate>
</product>
<product>
<productno>137</productno>
<productName>Ferrari</productName>
<Description>ten</Description>
<isActive>1</isActive>
<createdDate>2017-08-18</createdDate>
<UpdatedDate>2017-11-01</UpdatedDate>
</product>
<product>
<productno>138</productno>
<productName>Dodge</productName>
<Description>nine</Description>
<isActive>1</isActive>
<createdDate>2017-02-21</createdDate>
<UpdatedDate>2017-11-05</UpdatedDate>
</product>
<product>
<productno>139</productno>
<productName>BMW</productName>
<Description>eight</Description>
<isActive>2</isActive>
<createdDate>2016-11-18</createdDate>
<UpdatedDate>2017-11-06</UpdatedDate>
</product>
<product>
<productno>140</productno>
<productName>Audi</productName>
<Description>six</Description>
<isActive>2</isActive>
<createdDate>2017-06-11</createdDate>
<UpdatedDate>2017-11-08</UpdatedDate>
</product>
<product>
<productno>141</productno>
<productName>Lincoln</productName>
<Description>one</Description>
<isActive>2</isActive>
<createdDate>2017-02-26</createdDate>
<UpdatedDate>2017-11-07</UpdatedDate>
</product>
<product>
<productno>142</productno>
<productName>Peugeot</productName>
<Description>seven</Description>
<isActive>1</isActive>
<createdDate>2017-05-14</createdDate>
<UpdatedDate>2017-11-20</UpdatedDate>
</product>
<product>
<productno>143</productno>
<productName>Infiniti</productName>
<Description>nine</Description>
<isActive>1</isActive>
<createdDate>2017-09-08</createdDate>
<UpdatedDate>2017-11-09</UpdatedDate>
</product>
<product>
<productno>144</productno>
<productName>Chevrolet</productName>
<Description>one</Description>
<isActive>2</isActive>
<createdDate>2017-09-15</createdDate>
<UpdatedDate>2017-11-15</UpdatedDate>
</product>
<product>
<productno>145</productno>
<productName>Audi</productName>
<Description>four</Description>
<isActive>1</isActive>
<createdDate>2017-06-02</createdDate>
<UpdatedDate>2017-11-03</UpdatedDate>
</product>
<product>
<productno>146</productno>
<productName>General Motors</productName>
<Description>nine</Description>
<isActive>1</isActive>
<createdDate>2017-03-12</createdDate>
<UpdatedDate>2017-11-17</UpdatedDate>
</product>
<product>
<productno>147</productno>
<productName>Mitsubishi Motors</productName>
<Description>six</Description>
<isActive>1</isActive>
<createdDate>2017-07-28</createdDate>
<UpdatedDate>2017-11-19</UpdatedDate>
</product>
<product>
<productno>148</productno>
<productName>MINI</productName>
<Description>nine</Description>
<isActive>1</isActive>
<createdDate>2017-05-15</createdDate>
<UpdatedDate>2017-11-04</UpdatedDate>
</product>
<product>
<productno>149</productno>
<productName>Suzuki</productName>
<Description>five</Description>
<isActive>1</isActive>
<createdDate>2017-09-30</createdDate>
<UpdatedDate>2017-11-02</UpdatedDate>
</product>
<product>
<productno>150</productno>
<productName>Porsche</productName>
<Description>five</Description>
<isActive>1</isActive>
<createdDate>2017-08-21</createdDate>
<UpdatedDate>2017-11-20</UpdatedDate>
</product>
<product>
<productno>151</productno>
<productName>Kenworth</productName>
<Description>one</Description>
<isActive>1</isActive>
<createdDate>2017-02-25</createdDate>
<UpdatedDate>2017-11-10</UpdatedDate>
</product>
<product>
<productno>152</productno>
<productName>Lincoln</productName>
<Description>five</Description>
<isActive>1</isActive>
<createdDate>2017-04-08</createdDate>
<UpdatedDate>2017-11-04</UpdatedDate>
</product>
<product>
<productno>153</productno>
<productName>GMC</productName>
<Description>four</Description>
<isActive>2</isActive>
<createdDate>2017-07-22</createdDate>
<UpdatedDate>2017-11-18</UpdatedDate>
</product>
<product>
<productno>154</productno>
<productName>Infiniti</productName>
<Description>nine</Description>
<isActive>1</isActive>
<createdDate>2017-02-27</createdDate>
<UpdatedDate>2017-11-03</UpdatedDate>
</product>
<product>
<productno>155</productno>
<productName>Daihatsu</productName>
<Description>six</Description>
<isActive>2</isActive>
<createdDate>2017-02-17</createdDate>
<UpdatedDate>2017-11-12</UpdatedDate>
</product>
<product>
<productno>156</productno>
<productName>Honda</productName>
<Description>one</Description>
<isActive>2</isActive>
<createdDate>2017-08-24</createdDate>
<UpdatedDate>2017-11-03</UpdatedDate>
</product>
<product>
<productno>157</productno>
<productName>Mazda</productName>
<Description>seven</Description>
<isActive>2</isActive>
<createdDate>2017-10-07</createdDate>
<UpdatedDate>2017-11-12</UpdatedDate>
</product>
<product>
<productno>158</productno>
<productName>Lincoln</productName>
<Description>eight</Description>
<isActive>1</isActive>
<createdDate>2017-01-19</createdDate>
<UpdatedDate>2017-11-19</UpdatedDate>
</product>
<product>
<productno>159</productno>
<productName>FAW</productName>
<Description>seven</Description>
<isActive>2</isActive>
<createdDate>2017-07-03</createdDate>
<UpdatedDate>2017-11-14</UpdatedDate>
</product>
<product>
<productno>160</productno>
<productName>Volkswagen</productName>
<Description>three</Description>
<isActive>1</isActive>
<createdDate>2017-05-25</createdDate>
<UpdatedDate>2017-11-15</UpdatedDate>
</product>
<product>
<productno>161</productno>
<productName>Mahindra and Mahindra</productName>
<Description>four</Description>
<isActive>2</isActive>
<createdDate>2017-04-15</createdDate>
<UpdatedDate>2017-11-02</UpdatedDate>
</product>
<product>
<productno>162</productno>
<productName>Mahindra and Mahindra</productName>
<Description>nine</Description>
<isActive>2</isActive>
<createdDate>2017-07-15</createdDate>
<UpdatedDate>2017-11-18</UpdatedDate>
</product>
<product>
<productno>163</productno>
<productName>Porsche</productName>
<Description>five</Description>
<isActive>2</isActive>
<createdDate>2017-04-30</createdDate>
<UpdatedDate>2017-11-02</UpdatedDate>
</product>
<product>
<productno>164</productno>
<productName>General Motors</productName>
<Description>seven</Description>
<isActive>1</isActive>
<createdDate>2017-07-27</createdDate>
<UpdatedDate>2017-11-07</UpdatedDate>
</product>
<product>
<productno>165</productno>
<productName>Seat</productName>
<Description>six</Description>
<isActive>1</isActive>
<createdDate>2017-06-28</createdDate>
<UpdatedDate>2017-11-11</UpdatedDate>
</product>
<product>
<productno>166</productno>
<productName>Toyota</productName>
<Description>five</Description>
<isActive>1</isActive>
<createdDate>2017-06-20</createdDate>
<UpdatedDate>2017-11-01</UpdatedDate>
</product>
<product>
<productno>167</productno>
<productName>Volkswagen</productName>
<Description>ten</Description>
<isActive>1</isActive>
<createdDate>2017-02-24</createdDate>
<UpdatedDate>2017-11-12</UpdatedDate>
</product>
<product>
<productno>168</productno>
<productName>Kia Motors</productName>
<Description>eight</Description>
<isActive>1</isActive>
<createdDate>2017-03-19</createdDate>
<UpdatedDate>2017-11-19</UpdatedDate>
</product>
<product>
<productno>169</productno>
<productName>Jeep</productName>
<Description>six</Description>
<isActive>1</isActive>
<createdDate>2017-05-30</createdDate>
<UpdatedDate>2017-11-08</UpdatedDate>
</product>
<product>
<productno>170</productno>
<productName>Chrysler</productName>
<Description>one</Description>
<isActive>2</isActive>
<createdDate>2017-01-16</createdDate>
<UpdatedDate>2017-11-05</UpdatedDate>
</product>
<product>
<productno>171</productno>
<productName>Hyundai Motors</productName>
<Description>five</Description>
<isActive>2</isActive>
<createdDate>2016-11-24</createdDate>
<UpdatedDate>2017-11-09</UpdatedDate>
</product>
<product>
<productno>172</productno>
<productName>General Motors</productName>
<Description>eight</Description>
<isActive>2</isActive>
<createdDate>2017-08-01</createdDate>
<UpdatedDate>2017-11-19</UpdatedDate>
</product>
<product>
<productno>173</productno>
<productName>Citroën</productName>
<Description>five</Description>
<isActive>1</isActive>
<createdDate>2017-06-06</createdDate>
<UpdatedDate>2017-11-19</UpdatedDate>
</product>
<product>
<productno>174</productno>
<productName>Dodge</productName>
<Description>seven</Description>
<isActive>2</isActive>
<createdDate>2016-12-30</createdDate>
<UpdatedDate>2017-11-14</UpdatedDate>
</product>
<product>
<productno>175</productno>
<productName>Tata Motors</productName>
<Description>seven</Description>
<isActive>2</isActive>
<createdDate>2017-04-17</createdDate>
<UpdatedDate>2017-11-16</UpdatedDate>
</product>
<product>
<productno>176</productno>
<productName>Acura</productName>
<Description>four</Description>
<isActive>1</isActive>
<createdDate>2017-04-12</createdDate>
<UpdatedDate>2017-11-19</UpdatedDate>
</product>
<product>
<productno>177</productno>
<productName>Ford</productName>
<Description>one</Description>
<isActive>1</isActive>
<createdDate>2016-11-19</createdDate>
<UpdatedDate>2017-11-04</UpdatedDate>
</product>
<product>
<productno>178</productno>
<productName>Suzuki</productName>
<Description>five</Description>
<isActive>2</isActive>
<createdDate>2017-03-20</createdDate>
<UpdatedDate>2017-11-20</UpdatedDate>
</product>
<product>
<productno>179</productno>
<productName>Lexus</productName>
<Description>five</Description>
<isActive>1</isActive>
<createdDate>2017-06-01</createdDate>
<UpdatedDate>2017-11-10</UpdatedDate>
</product>
<product>
<productno>180</productno>
<productName>Nissan</productName>
<Description>three</Description>
<isActive>1</isActive>
<createdDate>2016-11-11</createdDate>
<UpdatedDate>2017-11-09</UpdatedDate>
</product>
<product>
<productno>181</productno>
<productName>Fiat</productName>
<Description>one</Description>
<isActive>2</isActive>
<createdDate>2016-11-11</createdDate>
<UpdatedDate>2017-11-07</UpdatedDate>
</product>
<product>
<productno>182</productno>
<productName>Acura</productName>
<Description>one</Description>
<isActive>1</isActive>
<createdDate>2017-01-04</createdDate>
<UpdatedDate>2017-11-17</UpdatedDate>
</product>
<product>
<productno>183</productno>
<productName>Ferrari</productName>
<Description>five</Description>
<isActive>2</isActive>
<createdDate>2017-09-16</createdDate>
<UpdatedDate>2017-11-17</UpdatedDate>
</product>
<product>
<productno>184</productno>
<productName>Mahindra and Mahindra</productName>
<Description>five</Description>
<isActive>2</isActive>
<createdDate>2016-12-07</createdDate>
<UpdatedDate>2017-11-16</UpdatedDate>
</product>
<product>
<productno>185</productno>
<productName>Vauxhall</productName>
<Description>ten</Description>
<isActive>2</isActive>
<createdDate>2017-05-09</createdDate>
<UpdatedDate>2017-11-02</UpdatedDate>
</product>
<product>
<productno>186</productno>
<productName>Citroën</productName>
<Description>eight</Description>
<isActive>1</isActive>
<createdDate>2016-12-25</createdDate>
<UpdatedDate>2017-11-19</UpdatedDate>
</product>
<product>
<productno>187</productno>
<productName>Mercedes-Benz</productName>
<Description>three</Description>
<isActive>2</isActive>
<createdDate>2017-04-21</createdDate>
<UpdatedDate>2017-11-13</UpdatedDate>
</product>
<product>
<productno>188</productno>
<productName>Ferrari</productName>
<Description>two</Description>
<isActive>2</isActive>
<createdDate>2017-05-21</createdDate>
<UpdatedDate>2017-11-09</UpdatedDate>
</product>
<product>
<productno>189</productno>
<productName>RAM Trucks</productName>
<Description>seven</Description>
<isActive>2</isActive>
<createdDate>2017-03-29</createdDate>
<UpdatedDate>2017-11-13</UpdatedDate>
</product>
<product>
<productno>190</productno>
<productName>Kenworth</productName>
<Description>seven</Description>
<isActive>1</isActive>
<createdDate>2017-06-11</createdDate>
<UpdatedDate>2017-11-01</UpdatedDate>
</product>
<product>
<productno>191</productno>
<productName>Volvo</productName>
<Description>nine</Description>
<isActive>1</isActive>
<createdDate>2017-01-27</createdDate>
<UpdatedDate>2017-11-06</UpdatedDate>
</product>
<product>
<productno>192</productno>
<productName>Vauxhall</productName>
<Description>one</Description>
<isActive>2</isActive>
<createdDate>2017-02-25</createdDate>
<UpdatedDate>2017-11-12</UpdatedDate>
</product>
<product>
<productno>193</productno>
<productName>Ferrari</productName>
<Description>ten</Description>
<isActive>2</isActive>
<createdDate>2016-12-30</createdDate>
<UpdatedDate>2017-11-06</UpdatedDate>
</product>
<product>
<productno>194</productno>
<productName>Citroën</productName>
<Description>nine</Description>
<isActive>2</isActive>
<createdDate>2017-03-16</createdDate>
<UpdatedDate>2017-11-04</UpdatedDate>
</product>
<product>
<productno>195</productno>
<productName>Honda</productName>
<Description>four</Description>
<isActive>2</isActive>
<createdDate>2016-11-09</createdDate>
<UpdatedDate>2017-11-19</UpdatedDate>
</product>
<product>
<productno>196</productno>
<productName>Tata Motors</productName>
<Description>three</Description>
<isActive>2</isActive>
<createdDate>2016-11-17</createdDate>
<UpdatedDate>2017-11-03</UpdatedDate>
</product>
<product>
<productno>197</productno>
<productName>Kenworth</productName>
<Description>nine</Description>
<isActive>1</isActive>
<createdDate>2017-09-21</createdDate>
<UpdatedDate>2017-11-09</UpdatedDate>
</product>
<product>
<productno>198</productno>
<productName>Skoda</productName>
<Description>nine</Description>
<isActive>2</isActive>
<createdDate>2017-04-14</createdDate>
<UpdatedDate>2017-11-14</UpdatedDate>
</product>
<product>
<productno>199</productno>
<productName>BMW</productName>
<Description>six</Description>
<isActive>2</isActive>
<createdDate>2017-06-23</createdDate>
<UpdatedDate>2017-11-15</UpdatedDate>
</product>
</products>
