<transactions>
<transaction>
<txnno>1</txnno>
<txndate>2018-09-16</txndate>
<custno>6</custno>
<amount>576</amount>
<productno>73</productno>
<spendby>1</spendby>
</transaction>
<transaction>
<txnno>2</txnno>
<txndate>2018-02-11</txndate>
<custno>96</custno>
<amount>1038</amount>
<productno>40</productno>
<spendby>2</spendby>
</transaction>
<transaction>
<txnno>3</txnno>
<txndate>2017-06-13</txndate>
<custno>17</custno>
<amount>673</amount>
<productno>2</productno>
<spendby>1</spendby>
</transaction>
<transaction>
<txnno>4</txnno>
<txndate>2017-07-25</txndate>
<custno>89</custno>
<amount>1284</amount>
<productno>100</productno>
<spendby>2</spendby>
</transaction>
<transaction>
<txnno>5</txnno>
<txndate>2017-06-15</txndate>
<custno>9</custno>
<amount>1685</amount>
<productno>56</productno>
<spendby>2</spendby>
</transaction>
<transaction>
<txnno>6</txnno>
<txndate>2018-06-08</txndate>
<custno>75</custno>
<amount>869</amount>
<productno>90</productno>
<spendby>1</spendby>
</transaction>
<transaction>
<txnno>7</txnno>
<txndate>2018-02-27</txndate>
<custno>64</custno>
<amount>1538</amount>
<productno>62</productno>
<spendby>2</spendby>
</transaction>
<transaction>
<txnno>8</txnno>
<txndate>2017-12-01</txndate>
<custno>40</custno>
<amount>251</amount>
<productno>77</productno>
<spendby>1</spendby>
</transaction>
<transaction>
<txnno>9</txnno>
<txndate>2017-08-30</txndate>
<custno>93</custno>
<amount>1618</amount>
<productno>5</productno>
<spendby>1</spendby>
</transaction>
<transaction>
<txnno>10</txnno>
<txndate>2017-02-04</txndate>
<custno>23</custno>
<amount>1812</amount>
<productno>16</productno>
<spendby>1</spendby>
</transaction>
<transaction>
<txnno>11</txnno>
<txndate>2017-07-08</txndate>
<custno>47</custno>
<amount>1575</amount>
<productno>98</productno>
<spendby>2</spendby>
</transaction>
<transaction>
<txnno>12</txnno>
<txndate>2018-01-21</txndate>
<custno>38</custno>
<amount>1181</amount>
<productno>23</productno>
<spendby>2</spendby>
</transaction>
<transaction>
<txnno>13</txnno>
<txndate>2017-04-27</txndate>
<custno>31</custno>
<amount>26</amount>
<productno>37</productno>
<spendby>2</spendby>
</transaction>
<transaction>
<txnno>14</txnno>
<txndate>2016-12-28</txndate>
<custno>26</custno>
<amount>1078</amount>
<productno>89</productno>
<spendby>2</spendby>
</transaction>
<transaction>
<txnno>15</txnno>
<txndate>2017-05-28</txndate>
<custno>46</custno>
<amount>81</amount>
<productno>51</productno>
<spendby>2</spendby>
</transaction>
<transaction>
<txnno>16</txnno>
<txndate>2017-01-14</txndate>
<custno>54</custno>
<amount>166</amount>
<productno>8</productno>
<spendby>2</spendby>
</transaction>
<transaction>
<txnno>17</txnno>
<txndate>2018-04-05</txndate>
<custno>9</custno>
<amount>427</amount>
<productno>58</productno>
<spendby>2</spendby>
</transaction>
<transaction>
<txnno>18</txnno>
<txndate>2018-02-28</txndate>
<custno>68</custno>
<amount>1249</amount>
<productno>42</productno>
<spendby>2</spendby>
</transaction>
<transaction>
<txnno>19</txnno>
<txndate>2017-08-21</txndate>
<custno>89</custno>
<amount>1628</amount>
<productno>8</productno>
<spendby>1</spendby>
</transaction>
<transaction>
<txnno>20</txnno>
<txndate>2018-10-10</txndate>
<custno>26</custno>
<amount>331</amount>
<productno>35</productno>
<spendby>2</spendby>
</transaction>
<transaction>
<txnno>21</txnno>
<txndate>2017-10-09</txndate>
<custno>80</custno>
<amount>89</amount>
<productno>68</productno>
<spendby>1</spendby>
</transaction>
<transaction>
<txnno>22</txnno>
<txndate>2018-08-20</txndate>
<custno>22</custno>
<amount>25</amount>
<productno>45</productno>
<spendby>1</spendby>
</transaction>
<transaction>
<txnno>23</txnno>
<txndate>2018-07-22</txndate>
<custno>13</custno>
<amount>1781</amount>
<productno>17</productno>
<spendby>1</spendby>
</transaction>
<transaction>
<txnno>24</txnno>
<txndate>2018-08-12</txndate>
<custno>43</custno>
<amount>568</amount>
<productno>50</productno>
<spendby>1</spendby>
</transaction>
<transaction>
<txnno>25</txnno>
<txndate>2016-12-04</txndate>
<custno>45</custno>
<amount>1509</amount>
<productno>65</productno>
<spendby>2</spendby>
</transaction>
<transaction>
<txnno>26</txnno>
<txndate>2018-09-28</txndate>
<custno>96</custno>
<amount>363</amount>
<productno>3</productno>
<spendby>1</spendby>
</transaction>
<transaction>
<txnno>27</txnno>
<txndate>2017-04-14</txndate>
<custno>51</custno>
<amount>1200</amount>
<productno>61</productno>
<spendby>2</spendby>
</transaction>
<transaction>
<txnno>28</txnno>
<txndate>2017-01-15</txndate>
<custno>6</custno>
<amount>1673</amount>
<productno>4</productno>
<spendby>2</spendby>
</transaction>
<transaction>
<txnno>29</txnno>
<txndate>2018-09-29</txndate>
<custno>1</custno>
<amount>1928</amount>
<productno>80</productno>
<spendby>2</spendby>
</transaction>
<transaction>
<txnno>30</txnno>
<txndate>2018-10-13</txndate>
<custno>15</custno>
<amount>67</amount>
<productno>100</productno>
<spendby>1</spendby>
</transaction>
<transaction>
<txnno>31</txnno>
<txndate>2018-08-27</txndate>
<custno>20</custno>
<amount>786</amount>
<productno>9</productno>
<spendby>1</spendby>
</transaction>
<transaction>
<txnno>32</txnno>
<txndate>2016-12-27</txndate>
<custno>27</custno>
<amount>1264</amount>
<productno>32</productno>
<spendby>2</spendby>
</transaction>
<transaction>
<txnno>33</txnno>
<txndate>2017-03-09</txndate>
<custno>37</custno>
<amount>1027</amount>
<productno>28</productno>
<spendby>2</spendby>
</transaction>
<transaction>
<txnno>34</txnno>
<txndate>2018-01-16</txndate>
<custno>34</custno>
<amount>1466</amount>
<productno>25</productno>
<spendby>1</spendby>
</transaction>
<transaction>
<txnno>35</txnno>
<txndate>2018-01-04</txndate>
<custno>14</custno>
<amount>651</amount>
<productno>90</productno>
<spendby>1</spendby>
</transaction>
<transaction>
<txnno>36</txnno>
<txndate>2018-08-05</txndate>
<custno>19</custno>
<amount>1867</amount>
<productno>53</productno>
<spendby>1</spendby>
</transaction>
<transaction>
<txnno>37</txnno>
<txndate>2018-05-27</txndate>
<custno>98</custno>
<amount>343</amount>
<productno>70</productno>
<spendby>2</spendby>
</transaction>
<transaction>
<txnno>38</txnno>
<txndate>2018-10-21</txndate>
<custno>76</custno>
<amount>1000</amount>
<productno>38</productno>
<spendby>2</spendby>
</transaction>
<transaction>
<txnno>39</txnno>
<txndate>2018-03-11</txndate>
<custno>5</custno>
<amount>526</amount>
<productno>56</productno>
<spendby>2</spendby>
</transaction>
<transaction>
<txnno>40</txnno>
<txndate>2017-08-04</txndate>
<custno>92</custno>
<amount>1584</amount>
<productno>80</productno>
<spendby>2</spendby>
</transaction>
<transaction>
<txnno>41</txnno>
<txndate>2018-05-31</txndate>
<custno>4</custno>
<amount>669</amount>
<productno>96</productno>
<spendby>2</spendby>
</transaction>
<transaction>
<txnno>42</txnno>
<txndate>2017-11-23</txndate>
<custno>36</custno>
<amount>763</amount>
<productno>82</productno>
<spendby>2</spendby>
</transaction>
<transaction>
<txnno>43</txnno>
<txndate>2017-11-13</txndate>
<custno>41</custno>
<amount>109</amount>
<productno>22</productno>
<spendby>2</spendby>
</transaction>
<transaction>
<txnno>44</txnno>
<txndate>2018-06-11</txndate>
<custno>2</custno>
<amount>773</amount>
<productno>35</productno>
<spendby>2</spendby>
</transaction>
<transaction>
<txnno>45</txnno>
<txndate>2018-09-20</txndate>
<custno>59</custno>
<amount>810</amount>
<productno>28</productno>
<spendby>2</spendby>
</transaction>
<transaction>
<txnno>46</txnno>
<txndate>2018-02-01</txndate>
<custno>33</custno>
<amount>1784</amount>
<productno>73</productno>
<spendby>2</spendby>
</transaction>
<transaction>
<txnno>47</txnno>
<txndate>2017-09-23</txndate>
<custno>69</custno>
<amount>1619</amount>
<productno>52</productno>
<spendby>2</spendby>
</transaction>
<transaction>
<txnno>48</txnno>
<txndate>2017-10-31</txndate>
<custno>81</custno>
<amount>187</amount>
<productno>1</productno>
<spendby>2</spendby>
</transaction>
<transaction>
<txnno>49</txnno>
<txndate>2018-09-03</txndate>
<custno>88</custno>
<amount>1175</amount>
<productno>15</productno>
<spendby>2</spendby>
</transaction>
<transaction>
<txnno>50</txnno>
<txndate>2017-09-07</txndate>
<custno>21</custno>
<amount>569</amount>
<productno>80</productno>
<spendby>1</spendby>
</transaction>
<transaction>
<txnno>51</txnno>
<txndate>2018-05-29</txndate>
<custno>44</custno>
<amount>1240</amount>
<productno>68</productno>
<spendby>1</spendby>
</transaction>
<transaction>
<txnno>52</txnno>
<txndate>2018-05-05</txndate>
<custno>14</custno>
<amount>1923</amount>
<productno>86</productno>
<spendby>2</spendby>
</transaction>
<transaction>
<txnno>53</txnno>
<txndate>2017-05-12</txndate>
<custno>100</custno>
<amount>1180</amount>
<productno>84</productno>
<spendby>1</spendby>
</transaction>
<transaction>
<txnno>54</txnno>
<txndate>2018-01-10</txndate>
<custno>21</custno>
<amount>255</amount>
<productno>38</productno>
<spendby>1</spendby>
</transaction>
<transaction>
<txnno>55</txnno>
<txndate>2018-02-07</txndate>
<custno>28</custno>
<amount>1620</amount>
<productno>9</productno>
<spendby>1</spendby>
</transaction>
<transaction>
<txnno>56</txnno>
<txndate>2018-05-26</txndate>
<custno>36</custno>
<amount>30</amount>
<productno>64</productno>
<spendby>2</spendby>
</transaction>
<transaction>
<txnno>57</txnno>
<txndate>2018-09-03</txndate>
<custno>60</custno>
<amount>1013</amount>
<productno>17</productno>
<spendby>2</spendby>
</transaction>
<transaction>
<txnno>58</txnno>
<txndate>2017-05-09</txndate>
<custno>10</custno>
<amount>892</amount>
<productno>38</productno>
<spendby>2</spendby>
</transaction>
<transaction>
<txnno>59</txnno>
<txndate>2018-04-01</txndate>
<custno>66</custno>
<amount>1186</amount>
<productno>28</productno>
<spendby>1</spendby>
</transaction>
<transaction>
<txnno>60</txnno>
<txndate>2017-11-09</txndate>
<custno>36</custno>
<amount>1141</amount>
<productno>12</productno>
<spendby>2</spendby>
</transaction>
<transaction>
<txnno>61</txnno>
<txndate>2017-12-24</txndate>
<custno>7</custno>
<amount>163</amount>
<productno>90</productno>
<spendby>2</spendby>
</transaction>
<transaction>
<txnno>62</txnno>
<txndate>2017-09-12</txndate>
<custno>9</custno>
<amount>1075</amount>
<productno>27</productno>
<spendby>1</spendby>
</transaction>
<transaction>
<txnno>63</txnno>
<txndate>2018-06-05</txndate>
<custno>93</custno>
<amount>982</amount>
<productno>95</productno>
<spendby>1</spendby>
</transaction>
<transaction>
<txnno>64</txnno>
<txndate>2018-03-22</txndate>
<custno>15</custno>
<amount>1267</amount>
<productno>23</productno>
<spendby>2</spendby>
</transaction>
<transaction>
<txnno>65</txnno>
<txndate>2017-04-20</txndate>
<custno>24</custno>
<amount>1388</amount>
<productno>39</productno>
<spendby>2</spendby>
</transaction>
<transaction>
<txnno>66</txnno>
<txndate>2017-05-27</txndate>
<custno>80</custno>
<amount>548</amount>
<productno>99</productno>
<spendby>1</spendby>
</transaction>
<transaction>
<txnno>67</txnno>
<txndate>2016-12-30</txndate>
<custno>6</custno>
<amount>160</amount>
<productno>94</productno>
<spendby>2</spendby>
</transaction>
<transaction>
<txnno>68</txnno>
<txndate>2017-11-26</txndate>
<custno>42</custno>
<amount>1506</amount>
<productno>68</productno>
<spendby>2</spendby>
</transaction>
<transaction>
<txnno>69</txnno>
<txndate>2018-04-14</txndate>
<custno>95</custno>
<amount>1463</amount>
<productno>91</productno>
<spendby>1</spendby>
</transaction>
<transaction>
<txnno>70</txnno>
<txndate>2018-07-26</txndate>
<custno>18</custno>
<amount>1880</amount>
<productno>5</productno>
<spendby>1</spendby>
</transaction>
<transaction>
<txnno>71</txnno>
<txndate>2017-04-07</txndate>
<custno>31</custno>
<amount>779</amount>
<productno>67</productno>
<spendby>1</spendby>
</transaction>
<transaction>
<txnno>72</txnno>
<txndate>2018-03-04</txndate>
<custno>32</custno>
<amount>1245</amount>
<productno>19</productno>
<spendby>2</spendby>
</transaction>
<transaction>
<txnno>73</txnno>
<txndate>2018-09-25</txndate>
<custno>97</custno>
<amount>1698</amount>
<productno>22</productno>
<spendby>1</spendby>
</transaction>
<transaction>
<txnno>74</txnno>
<txndate>2017-04-08</txndate>
<custno>22</custno>
<amount>791</amount>
<productno>86</productno>
<spendby>1</spendby>
</transaction>
<transaction>
<txnno>75</txnno>
<txndate>2018-07-14</txndate>
<custno>25</custno>
<amount>1015</amount>
<productno>80</productno>
<spendby>1</spendby>
</transaction>
<transaction>
<txnno>76</txnno>
<txndate>2018-09-29</txndate>
<custno>82</custno>
<amount>957</amount>
<productno>87</productno>
<spendby>1</spendby>
</transaction>
<transaction>
<txnno>77</txnno>
<txndate>2018-04-04</txndate>
<custno>77</custno>
<amount>1601</amount>
<productno>100</productno>
<spendby>2</spendby>
</transaction>
<transaction>
<txnno>78</txnno>
<txndate>2018-04-30</txndate>
<custno>52</custno>
<amount>755</amount>
<productno>17</productno>
<spendby>2</spendby>
</transaction>
<transaction>
<txnno>79</txnno>
<txndate>2017-11-21</txndate>
<custno>100</custno>
<amount>1270</amount>
<productno>33</productno>
<spendby>2</spendby>
</transaction>
<transaction>
<txnno>80</txnno>
<txndate>2017-12-03</txndate>
<custno>68</custno>
<amount>802</amount>
<productno>33</productno>
<spendby>1</spendby>
</transaction>
<transaction>
<txnno>81</txnno>
<txndate>2018-08-27</txndate>
<custno>63</custno>
<amount>615</amount>
<productno>85</productno>
<spendby>1</spendby>
</transaction>
<transaction>
<txnno>82</txnno>
<txndate>2017-07-18</txndate>
<custno>28</custno>
<amount>792</amount>
<productno>88</productno>
<spendby>2</spendby>
</transaction>
<transaction>
<txnno>83</txnno>
<txndate>2017-01-20</txndate>
<custno>56</custno>
<amount>284</amount>
<productno>50</productno>
<spendby>1</spendby>
</transaction>
<transaction>
<txnno>84</txnno>
<txndate>2017-10-24</txndate>
<custno>50</custno>
<amount>669</amount>
<productno>51</productno>
<spendby>2</spendby>
</transaction>
<transaction>
<txnno>85</txnno>
<txndate>2017-06-02</txndate>
<custno>3</custno>
<amount>1643</amount>
<productno>91</productno>
<spendby>2</spendby>
</transaction>
<transaction>
<txnno>86</txnno>
<txndate>2018-04-24</txndate>
<custno>40</custno>
<amount>1063</amount>
<productno>58</productno>
<spendby>1</spendby>
</transaction>
<transaction>
<txnno>87</txnno>
<txndate>2018-08-22</txndate>
<custno>37</custno>
<amount>483</amount>
<productno>55</productno>
<spendby>1</spendby>
</transaction>
<transaction>
<txnno>88</txnno>
<txndate>2017-08-08</txndate>
<custno>50</custno>
<amount>1076</amount>
<productno>99</productno>
<spendby>1</spendby>
</transaction>
<transaction>
<txnno>89</txnno>
<txndate>2018-03-17</txndate>
<custno>11</custno>
<amount>301</amount>
<productno>39</productno>
<spendby>1</spendby>
</transaction>
<transaction>
<txnno>90</txnno>
<txndate>2017-11-24</txndate>
<custno>33</custno>
<amount>518</amount>
<productno>84</productno>
<spendby>1</spendby>
</transaction>
<transaction>
<txnno>91</txnno>
<txndate>2017-04-28</txndate>
<custno>12</custno>
<amount>1010</amount>
<productno>53</productno>
<spendby>2</spendby>
</transaction>
<transaction>
<txnno>92</txnno>
<txndate>2017-05-22</txndate>
<custno>38</custno>
<amount>690</amount>
<productno>35</productno>
<spendby>1</spendby>
</transaction>
<transaction>
<txnno>93</txnno>
<txndate>2018-11-17</txndate>
<custno>25</custno>
<amount>716</amount>
<productno>80</productno>
<spendby>2</spendby>
</transaction>
<transaction>
<txnno>94</txnno>
<txndate>2017-04-22</txndate>
<custno>5</custno>
<amount>931</amount>
<productno>67</productno>
<spendby>1</spendby>
</transaction>
<transaction>
<txnno>95</txnno>
<txndate>2018-10-16</txndate>
<custno>87</custno>
<amount>1778</amount>
<productno>60</productno>
<spendby>1</spendby>
</transaction>
<transaction>
<txnno>96</txnno>
<txndate>2018-11-10</txndate>
<custno>59</custno>
<amount>1388</amount>
<productno>26</productno>
<spendby>2</spendby>
</transaction>
<transaction>
<txnno>97</txnno>
<txndate>2017-09-13</txndate>
<custno>57</custno>
<amount>1261</amount>
<productno>36</productno>
<spendby>2</spendby>
</transaction>
<transaction>
<txnno>98</txnno>
<txndate>2017-10-29</txndate>
<custno>7</custno>
<amount>93</amount>
<productno>60</productno>
<spendby>1</spendby>
</transaction>
<transaction>
<txnno>99</txnno>
<txndate>2017-09-30</txndate>
<custno>4</custno>
<amount>643</amount>
<productno>38</productno>
<spendby>1</spendby>
</transaction>
<transaction>
<txnno>100</txnno>
<txndate>2017-10-12</txndate>
<custno>77</custno>
<amount>1902</amount>
<productno>54</productno>
<spendby>2</spendby>
</transaction>
</transactions>
